{"loss": 0.14466042989492417, "f1_score": 0.6651983848900457, "_timestamp": 1709334065.1287115, "_runtime": 13.817330360412598, "_step": 2, "_wandb": {"runtime": 16}}