{"Cumulative Loss": 0.6786422508955002, "_timestamp": 1709304684.231853, "_runtime": 7.860574007034302, "_step": 2297, "_wandb": {"runtime": 6}}