{"loss": 0.13860258656740188, "f1_score": 0.07914011224198611, "_timestamp": 1709543747.3778179, "_runtime": 38.18705892562866, "_step": 16}