{"Cumulative Loss": 0.37768892765045164, "_timestamp": 1709525402.2806058, "_runtime": 695.642502784729, "_step": 179, "parameters/graph_2target_embeddings.weight": {"_type": "histogram", "values": [1.0, 0.0, 0.0, 0.0, 1.0, 2.0, 1.0, 4.0, 2.0, 1.0, 3.0, 2.0, 10.0, 15.0, 18.0, 56.0, 125.0, 221.0, 510.0, 992.0, 1879.0, 3915.0, 7260.0, 13729.0, 24668.0, 42025.0, 63019.0, 87929.0, 113751.0, 137608.0, 153766.0, 159471.0, 153058.0, 136620.0, 113312.0, 87720.0, 62785.0, 41903.0, 25573.0, 13997.0, 7358.0, 3771.0, 1912.0, 962.0, 459.0, 216.0, 81.0, 49.0, 15.0, 8.0, 3.0, 1.0, 4.0, 1.0, 1.0, 0.0, 0.0, 2.0, 0.0, 1.0, 0.0, 1.0, 0.0, 3.0], "bins": [-3.275573492050171, -3.1720340251922607, -3.0684945583343506, -2.9649550914764404, -2.8614156246185303, -2.757876396179199, -2.654336929321289, -2.550797462463379, -2.4472579956054688, -2.3437185287475586, -2.2401790618896484, -2.1366395950317383, -2.033100128173828, -1.929560661315918, -1.8260213136672974, -1.7224818468093872, -1.618942379951477, -1.515402913093567, -1.4118634462356567, -1.3083240985870361, -1.204784631729126, -1.1012451648712158, -0.9977056980133057, -0.8941662311553955, -0.7906267642974854, -0.6870872974395752, -0.583547830581665, -0.480008602142334, -0.37646913528442383, -0.27292966842651367, -0.16939020156860352, -0.06585073471069336, 0.0376887321472168, 0.14122819900512695, 0.2447676658630371, 0.34830713272094727, 0.4518465995788574, 0.5553860664367676, 0.6589252948760986, 0.7624647617340088, 0.866004228591919, 0.9695436954498291, 1.0730831623077393, 1.1766226291656494, 1.2801620960235596, 1.3837015628814697, 1.4872409105300903, 1.5907803773880005, 1.6943198442459106, 1.7978593111038208, 1.901398777961731, 2.0049381256103516, 2.1084775924682617, 2.212017059326172, 2.315556526184082, 2.419095993041992, 2.5226354598999023, 2.6261749267578125, 2.7297143936157227, 2.833253860473633, 2.936793088912964, 3.040332555770874, 3.143872022628784, 3.2474114894866943, 3.3509509563446045]}, "parameters/graph_2context_embeddings.weight": {"_type": "histogram", "values": [1.0, 0.0, 0.0, 0.0, 0.0, 0.0, 0.0, 0.0, 0.0, 0.0, 0.0, 0.0, 0.0, 0.0, 2.0, 0.0, 3.0, 2.0, 3.0, 1.0, 37.0, 143.0, 291.0, 439.0, 801.0, 926.0, 819.0, 1029.0, 1804.0, 3334.0, 6535.0, 12818.0, 24282.0, 40015.0, 60676.0, 86612.0, 117135.0, 146684.0, 168717.0, 173236.0, 161772.0, 136087.0, 105413.0, 76808.0, 53478.0, 34683.0, 20073.0, 10489.0, 5594.0, 3050.0, 1886.0, 1358.0, 1174.0, 1118.0, 741.0, 394.0, 212.0, 83.0, 23.0, 7.0, 5.0, 5.0, 0.0, 2.0], "bins": [-3.780715227127075, -3.6842191219329834, -3.5877230167388916, -3.4912269115448, -3.394731044769287, -3.2982349395751953, -3.2017388343811035, -3.1052427291870117, -3.00874662399292, -2.912250518798828, -2.8157544136047363, -2.7192583084106445, -2.6227622032165527, -2.526266098022461, -2.4297702312469482, -2.3332741260528564, -2.2367780208587646, -2.140281915664673, -2.043785810470581, -1.9472898244857788, -1.850793719291687, -1.7542977333068848, -1.657801628112793, -1.5613055229187012, -1.4648094177246094, -1.3683133125305176, -1.2718172073364258, -1.175321102142334, -1.0788252353668213, -0.9823291301727295, -0.8858330249786377, -0.7893369197845459, -0.6928408145904541, -0.5963447093963623, -0.4998486042022705, -0.4033524990081787, -0.3068563938140869, -0.21036052703857422, -0.11386442184448242, -0.017368316650390625, 0.07912778854370117, 0.17562389373779297, 0.27211999893188477, 0.36861610412597656, 0.4651120901107788, 0.5616081953048706, 0.6581041812896729, 0.7546002864837646, 0.8510963916778564, 0.9475924968719482, 1.04408860206604, 1.1405845880508423, 1.237080693244934, 1.3335767984390259, 1.4300727844238281, 1.52656888961792, 1.6230649948120117, 1.7195611000061035, 1.8160572052001953, 1.9125531911849976, 2.009049415588379, 2.1055452823638916, 2.2020413875579834, 2.298537492752075, 2.395033597946167]}, "gradients/graph_2context_embeddings.weight": {"_type": "histogram", "values": [1.0, 0.0, 0.0, 0.0, 1.0, 2.0, 1.0, 0.0, 5.0, 3.0, 3.0, 4.0, 3.0, 5.0, 4.0, 8.0, 14.0, 22.0, 26.0, 37.0, 55.0, 65.0, 112.0, 198.0, 246.0, 453.0, 846.0, 1664.0, 3881.0, 10470.0, 32265.0, 1262456.0, 110420.0, 23249.0, 8017.0, 3003.0, 1351.0, 752.0, 399.0, 232.0, 172.0, 101.0, 66.0, 38.0, 37.0, 37.0, 16.0, 12.0, 10.0, 6.0, 7.0, 5.0, 5.0, 0.0, 2.0, 4.0, 1.0, 3.0, 2.0, 0.0, 1.0, 1.0, 0.0, 1.0], "bins": [-0.0002023043343797326, -0.00019595259800553322, -0.00018960086163133383, -0.00018324912525713444, -0.00017689737433101982, -0.00017054563795682043, -0.00016419390158262104, -0.00015784216520842165, -0.00015149041428230703, -0.00014513867790810764, -0.00013878694153390825, -0.00013243520515970886, -0.00012608346878550947, -0.00011973172513535246, -0.00011337998876115307, -0.00010702824511099607, -0.00010067650873679668, -9.432477236259729e-05, -8.797302871244028e-05, -8.162129233824089e-05, -7.526954868808389e-05, -6.89178123138845e-05, -6.25660759396851e-05, -5.6214339565485716e-05, -4.9862603191286325e-05, -4.351085226517171e-05, -3.7159115890972316e-05, -3.0807379516772926e-05, -2.4455643142573535e-05, -1.8103906768374145e-05, -1.1752155842259526e-05, -5.400419468060136e-06, 9.513023542240262e-07, 7.303038728423417e-06, 1.3654775102622807e-05, 2.0006526028737426e-05, 2.6358262402936816e-05, 3.270999877713621e-05, 3.90617351513356e-05, 4.541347152553499e-05, 5.1765222451649606e-05, 5.8116958825849e-05, 6.446869520004839e-05, 7.082043157424778e-05, 7.717216794844717e-05, 8.352391159860417e-05, 8.987564797280356e-05, 9.622739162296057e-05, 0.00010257912799715996, 0.00010893086437135935, 0.00011528260802151635, 0.00012163434439571574, 0.00012798608804587275, 0.00013433782442007214, 0.00014068956079427153, 0.00014704129716847092, 0.00015339304809458554, 0.00015974478446878493, 0.00016609652084298432, 0.0001724482572171837, 0.0001787999935913831, 0.0001851517299655825, 0.0001915034808916971, 0.0001978552172658965, 0.0002042069536400959]}, "gradients/graph_2target_embeddings.weight": {"_type": "histogram", "values": [2.0, 0.0, 0.0, 0.0, 2.0, 0.0, 0.0, 0.0, 6.0, 6.0, 7.0, 8.0, 9.0, 11.0, 11.0, 27.0, 31.0, 53.0, 66.0, 64.0, 121.0, 142.0, 225.0, 319.0, 506.0, 825.0, 1688.0, 3411.0, 7374.0, 14075.0, 1401499.0, 14582.0, 7866.0, 3597.0, 1694.0, 902.0, 573.0, 332.0, 213.0, 165.0, 96.0, 86.0, 45.0, 37.0, 30.0, 26.0, 14.0, 9.0, 9.0, 8.0, 11.0, 5.0, 4.0, 1.0, 2.0, 2.0, 2.0, 0.0, 0.0, 0.0, 0.0, 0.0, 0.0, 1.0], "bins": [-0.00013257765385787934, -0.00012823719589505345, -0.00012389673793222755, -0.00011955627996940166, -0.00011521582200657576, -0.00011087536404374987, -0.00010653489880496636, -0.00010219444084214047, -9.785398287931457e-05, -9.351352491648868e-05, -8.917306695366278e-05, -8.483260171487927e-05, -8.049214375205338e-05, -7.615168578922749e-05, -7.181122782640159e-05, -6.74707698635757e-05, -6.31303119007498e-05, -5.878985393792391e-05, -5.4449395975098014e-05, -5.010893801227212e-05, -4.5768480049446225e-05, -4.142801481066272e-05, -3.708755684783682e-05, -3.274709888501093e-05, -2.8406640922185034e-05, -2.406618295935914e-05, -1.9725724996533245e-05, -1.538526703370735e-05, -1.1044801794923842e-05, -6.704343832097948e-06, -2.3638858692720532e-06, 1.976572093553841e-06, 6.317015504464507e-06, 1.0657473467290401e-05, 1.4997931430116296e-05, 1.933838939294219e-05, 2.3678847355768085e-05, 2.8019312594551593e-05, 3.235977055737749e-05, 3.670022852020338e-05, 4.1040686483029276e-05, 4.538114444585517e-05, 4.9721602408681065e-05, 5.406206037150696e-05, 5.840252561029047e-05, 6.274298357311636e-05, 6.708344153594226e-05, 7.142389949876815e-05, 7.576435746159405e-05, 8.010481542441994e-05, 8.444527338724583e-05, 8.878573135007173e-05, 9.312618931289762e-05, 9.746664727572352e-05, 0.00010180711251450703, 0.00010614757047733292, 0.00011048802844015881, 0.00011482848640298471, 0.0001191689443658106, 0.0001235094096045941, 0.00012784986756742, 0.0001321903255302459, 0.0001365307834930718, 0.0001408712414558977, 0.00014521169941872358]}, "_wandb": {"runtime": 695}}