{"parameters/target_embeddings.weight": {"_type": "histogram", "values": [1.0, 0.0, 1.0, 2.0, 0.0, 0.0, 0.0, 0.0, 3.0, 1.0, 1.0, 2.0, 4.0, 6.0, 7.0, 10.0, 25.0, 45.0, 94.0, 243.0, 575.0, 1224.0, 2673.0, 5254.0, 10473.0, 20014.0, 37719.0, 63534.0, 101487.0, 146587.0, 195377.0, 234803.0, 254971.0, 248485.0, 218761.0, 173475.0, 124672.0, 81067.0, 49501.0, 27262.0, 14419.0, 7566.0, 3711.0, 1727.0, 801.0, 391.0, 198.0, 90.0, 43.0, 19.0, 11.0, 5.0, 4.0, 1.0, 1.0, 0.0, 1.0, 0.0, 0.0, 1.0, 0.0, 0.0, 0.0, 2.0], "bins": [-3.8016915321350098, -3.6849966049194336, -3.5683016777038574, -3.4516067504882812, -3.334911584854126, -3.21821665763855, -3.1015217304229736, -2.9848268032073975, -2.868131637573242, -2.751436710357666, -2.63474178314209, -2.5180468559265137, -2.4013519287109375, -2.2846570014953613, -2.167962074279785, -2.05126690864563, -1.9345719814300537, -1.8178770542144775, -1.7011821269989014, -1.584486961364746, -1.46779203414917, -1.3510971069335938, -1.2344021797180176, -1.1177072525024414, -1.0010123252868652, -0.88431715965271, -0.7676222324371338, -0.6509273052215576, -0.5342323780059814, -0.4175374507904053, -0.30084228515625, -0.18414735794067383, -0.06745219230651855, 0.04924273490905762, 0.1659376621246338, 0.28263282775878906, 0.39932775497436523, 0.5160226821899414, 0.6327176094055176, 0.7494125366210938, 0.866107702255249, 0.9828026294708252, 1.0994975566864014, 1.2161924839019775, 1.3328874111175537, 1.4495823383331299, 1.5662775039672852, 1.6829724311828613, 1.7996673583984375, 1.9163622856140137, 2.03305721282959, 2.149752140045166, 2.2664473056793213, 2.3831422328948975, 2.4998371601104736, 2.616532325744629, 2.733227252960205, 2.8499221801757812, 2.9666171073913574, 3.0833120346069336, 3.2000069618225098, 3.316701889038086, 3.433397054672241, 3.5500919818878174, 3.6667869091033936]}, "_timestamp": 1709748882.1887784, "parameters/context_embeddings.weight": {"_type": "histogram", "values": [1.0, 1.0, 3.0, 2.0, 8.0, 12.0, 26.0, 40.0, 81.0, 103.0, 174.0, 247.0, 366.0, 495.0, 565.0, 782.0, 1077.0, 1196.0, 1766.0, 2612.0, 4089.0, 6664.0, 10351.0, 16392.0, 25360.0, 38891.0, 57270.0, 78710.0, 101440.0, 126127.0, 148324.0, 165468.0, 174876.0, 175993.0, 163833.0, 149603.0, 128619.0, 108444.0, 89226.0, 72704.0, 58079.0, 42960.0, 28824.0, 17347.0, 10118.0, 6266.0, 3913.0, 2341.0, 1398.0, 976.0, 713.0, 556.0, 450.0, 388.0, 325.0, 235.0, 195.0, 114.0, 101.0, 52.0, 29.0, 13.0, 11.0, 5.0], "bins": [-3.293623447418213, -3.1966636180877686, -3.099703788757324, -3.00274395942688, -2.9057841300964355, -2.8088245391845703, -2.711864471435547, -2.6149048805236816, -2.5179450511932373, -2.420985221862793, -2.3240253925323486, -2.2270655632019043, -2.13010573387146, -2.0331459045410156, -1.9361861944198608, -1.8392263650894165, -1.7422665357589722, -1.6453067064285278, -1.5483468770980835, -1.4513871669769287, -1.3544273376464844, -1.25746750831604, -1.1605076789855957, -1.0635478496551514, -0.966588020324707, -0.8696281909942627, -0.7726683616638184, -0.6757087707519531, -0.5787489414215088, -0.48178911209106445, -0.3848292827606201, -0.2878694534301758, -0.19090962409973145, -0.09394979476928711, 0.0030100345611572266, 0.09996986389160156, 0.1969296932220459, 0.29388952255249023, 0.39084911346435547, 0.4878089427947998, 0.5847687721252441, 0.6817286014556885, 0.7786884307861328, 0.8756482601165771, 0.9726080894470215, 1.0695679187774658, 1.1665276288986206, 1.263487458229065, 1.3604472875595093, 1.4574071168899536, 1.554366946220398, 1.6513266563415527, 1.748286485671997, 1.8452463150024414, 1.9422061443328857, 2.03916597366333, 2.1361258029937744, 2.2330856323242188, 2.330045223236084, 2.4270052909851074, 2.5239648818969727, 2.620924711227417, 2.7178845405578613, 2.8148443698883057, 2.91180419921875]}, "gradients/context_embeddings.weight": {"_type": "histogram", "values": [1.0, 1.0, 0.0, 0.0, 1.0, 1.0, 1.0, 2.0, 1.0, 2.0, 2.0, 4.0, 6.0, 10.0, 15.0, 20.0, 24.0, 47.0, 44.0, 85.0, 175.0, 272.0, 483.0, 924.0, 2062.0, 4605.0, 10917.0, 30699.0, 1904117.0, 49794.0, 13585.0, 5083.0, 2143.0, 973.0, 528.0, 280.0, 151.0, 96.0, 69.0, 36.0, 24.0, 20.0, 11.0, 10.0, 8.0, 5.0, 2.0, 1.0, 3.0, 1.0, 0.0, 0.0, 2.0, 0.0, 0.0, 1.0, 0.0, 1.0, 0.0, 1.0, 0.0, 0.0, 0.0, 1.0], "bins": [-0.00025486492086201906, -0.00024596182629466057, -0.00023705870262347162, -0.00022815560805611312, -0.0002192524989368394, -0.00021034938981756568, -0.00020144629525020719, -0.00019254318613093346, -0.00018364007701165974, -0.00017473696789238602, -0.0001658338587731123, -0.0001569307642057538, -0.00014802765508648008, -0.00013912454596720636, -0.00013022145139984787, -0.00012131834228057414, -0.00011241523316130042, -0.0001035121240420267, -9.460901492275298e-05, -8.570592035539448e-05, -7.680281123612076e-05, -6.789970211684704e-05, -5.8996607549488544e-05, -5.009349843021482e-05, -4.11903893109411e-05, -3.228728019166738e-05, -2.3384171072393656e-05, -1.4481076505035162e-05, -5.577981937676668e-06, 3.3251417335122824e-06, 1.2228236300870776e-05, 2.1131359972059727e-05, 3.0034483643248677e-05, 3.893757821060717e-05, 4.784070188179612e-05, 5.6743796449154615e-05, 6.564692012034357e-05, 7.455001468770206e-05, 8.345310925506055e-05, 9.235621837433428e-05, 0.000101259327493608, 0.00011016243661288172, 0.00011906554573215544, 0.00012796864029951394, 0.00013687174941878766, 0.00014577485853806138, 0.00015467795310541987, 0.0001635810622246936, 0.00017248417134396732, 0.00018138728046324104, 0.00019029038958251476, 0.00019919348414987326, 0.00020809659326914698, 0.0002169997023884207, 0.0002259027969557792, 0.00023480590607505292, 0.00024370901519432664, 0.00025261210976168513, 0.0002615152334328741, 0.0002704183280002326, 0.00027932145167142153, 0.00028822454623878, 0.0002971276408061385, 0.00030603076447732747, 0.00031493385904468596]}, "gradients/target_embeddings.weight": {"_type": "histogram", "values": [1.0, 0.0, 0.0, 1.0, 0.0, 0.0, 1.0, 5.0, 1.0, 2.0, 3.0, 6.0, 2.0, 8.0, 10.0, 17.0, 11.0, 24.0, 34.0, 59.0, 57.0, 83.0, 98.0, 130.0, 201.0, 295.0, 483.0, 796.0, 1252.0, 2107.0, 3665.0, 5457.0, 7275.0, 1986424.0, 6368.0, 4633.0, 2903.0, 1792.0, 1067.0, 686.0, 392.0, 258.0, 202.0, 137.0, 107.0, 73.0, 48.0, 45.0, 43.0, 13.0, 24.0, 8.0, 10.0, 11.0, 5.0, 5.0, 4.0, 1.0, 0.0, 4.0, 1.0, 0.0, 0.0, 2.0], "bins": [-0.00021189276594668627, -0.0002055328368442133, -0.00019917290774174035, -0.0001928129931911826, -0.00018645306408870965, -0.0001800931349862367, -0.00017373320588376373, -0.00016737327678129077, -0.0001610133476788178, -0.00015465341857634485, -0.00014829350402578712, -0.00014193356037139893, -0.0001355736458208412, -0.00012921371671836823, -0.00012285378761589527, -0.00011649386578937992, -0.00011013393668690696, -0.000103774007584434, -9.741408575791866e-05, -9.10541566554457e-05, -8.469422755297273e-05, -7.833429845049977e-05, -7.197436934802681e-05, -6.561445479746908e-05, -5.925452569499612e-05, -5.289459659252316e-05, -4.65346674900502e-05, -4.0174738387577236e-05, -3.3814809285104275e-05, -2.7454894734546542e-05, -2.109496563207358e-05, -1.473503652960062e-05, -8.37510742712766e-06, -2.0151783246546984e-06, 4.344750777818263e-06, 1.0704679880291224e-05, 1.7064594430848956e-05, 2.3424523533321917e-05, 2.9784452635794878e-05, 3.614438173826784e-05, 4.25043108407408e-05, 4.886423994321376e-05, 5.5224154493771493e-05, 6.158408359624445e-05, 6.794401269871742e-05, 7.430394180119038e-05, 8.066387090366334e-05, 8.702379273017868e-05, 9.338372183265164e-05, 9.97436509351246e-05, 0.00010610357276163995, 0.00011246350186411291, 0.00011882343096658587, 0.0001251833455171436, 0.0001315432891715318, 0.00013790320372208953, 0.0001442631328245625, 0.00015062306192703545, 0.0001569829910295084, 0.00016334292013198137, 0.00016970284923445433, 0.0001760627783369273, 0.00018242269288748503, 0.000188782621989958, 0.00019514255109243095]}, "Cumulative Loss": 0.37458505063255626, "_runtime": 1390.8002693653107, "_step": 12, "_wandb": {"runtime": 1403}}