{"parameters/target_embeddings.weight": {"_type": "histogram", "values": [38.0, 54.0, 59.0, 112.0, 176.0, 198.0, 302.0, 389.0, 317.0, 231.0, 189.0, 217.0, 281.0, 372.0, 347.0, 474.0, 709.0, 727.0, 757.0, 992.0, 1278.0, 1520.0, 1983.0, 2413.0, 3367.0, 4472.0, 7382.0, 11133.0, 17747.0, 33304.0, 81108.0, 321859.0, 738411.0, 115533.0, 42952.0, 21992.0, 13454.0, 8691.0, 5392.0, 3939.0, 2687.0, 2255.0, 1768.0, 1413.0, 1158.0, 830.0, 796.0, 770.0, 623.0, 403.0, 397.0, 316.0, 237.0, 206.0, 214.0, 322.0, 432.0, 347.0, 233.0, 179.0, 157.0, 69.0, 66.0, 51.0], "bins": [-0.09915748238563538, -0.09607019275426865, -0.09298290312290192, -0.08989561349153519, -0.08680832386016846, -0.08372102677822113, -0.080633744597435, -0.07754644751548767, -0.07445915788412094, -0.07137186825275421, -0.06828457862138748, -0.06519728899002075, -0.06210999935865402, -0.05902270972728729, -0.055935416370630264, -0.052848126739263535, -0.049760837107896805, -0.046673547476530075, -0.043586257845163345, -0.04049896448850632, -0.03741167485713959, -0.03432438522577286, -0.031237095594406128, -0.028149805963039398, -0.02506251633167267, -0.02197522670030594, -0.01888793706893921, -0.015800639986991882, -0.012713350355625153, -0.009626060724258423, -0.006538771092891693, -0.0034514814615249634, -0.00036419183015823364, 0.002723097801208496, 0.005810387432575226, 0.008897677063941956, 0.011984966695308685, 0.015072256326675415, 0.01815955340862274, 0.02124684303998947, 0.0243341326713562, 0.02742142230272293, 0.03050871193408966, 0.03359600156545639, 0.03668329119682312, 0.03977058082818985, 0.04285787418484688, 0.04594516381621361, 0.04903245344758034, 0.05211974307894707, 0.0552070327103138, 0.058294326066970825, 0.061381615698337555, 0.06446890532970428, 0.06755619496107101, 0.07064348459243774, 0.07373077422380447, 0.0768180638551712, 0.07990536093711853, 0.08299264311790466, 0.08607994019985199, 0.08916722983121872, 0.09225451946258545, 0.09534180909395218, 0.09842909872531891]}, "_timestamp": 1709270089.90739, "parameters/context_embeddings.weight": {"_type": "histogram", "values": [17.0, 9.0, 49.0, 57.0, 37.0, 16.0, 44.0, 45.0, 45.0, 26.0, 18.0, 1.0, 22.0, 45.0, 34.0, 38.0, 24.0, 84.0, 71.0, 114.0, 250.0, 775.0, 2861.0, 10678.0, 23693.0, 37763.0, 54530.0, 82871.0, 141449.0, 244285.0, 147240.0, 12506.0, 16713.0, 159199.0, 216233.0, 122362.0, 72059.0, 48503.0, 33231.0, 20333.0, 8682.0, 2242.0, 623.0, 196.0, 107.0, 67.0, 68.0, 25.0, 39.0, 30.0, 40.0, 15.0, 1.0, 15.0, 30.0, 48.0, 28.0, 43.0, 22.0, 37.0, 65.0, 24.0, 11.0, 12.0], "bins": [-0.12398436665534973, -0.12010276317596436, -0.11622115969657898, -0.1123395562171936, -0.10845795273780823, -0.10457634925842285, -0.10069474577903748, -0.0968131422996521, -0.09293153882026672, -0.08904993534088135, -0.08516833186149597, -0.0812867283821106, -0.07740513235330582, -0.07352352887392044, -0.06964192539453506, -0.06576032191514969, -0.06187871843576431, -0.05799711495637894, -0.05411551147699356, -0.050233907997608185, -0.04635230451822281, -0.04247070103883743, -0.03858909755945206, -0.03470749408006668, -0.030825898051261902, -0.026944294571876526, -0.02306269109249115, -0.019181087613105774, -0.015299484133720398, -0.011417880654335022, -0.007536277174949646, -0.00365467369556427, 0.00022692978382110596, 0.004108533263206482, 0.007990136742591858, 0.011871740221977234, 0.01575334370136261, 0.019634947180747986, 0.023516550660133362, 0.027398154139518738, 0.031279757618904114, 0.03516135364770889, 0.03904295712709427, 0.042924560606479645, 0.04680616408586502, 0.0506877675652504, 0.05456937104463577, 0.05845097452402115, 0.062332578003406525, 0.0662141814827919, 0.07009578496217728, 0.07397738844156265, 0.07785899192094803, 0.08174058794975281, 0.08562219142913818, 0.08950379490852356, 0.09338539838790894, 0.09726700186729431, 0.10114860534667969, 0.10503020882606506, 0.10891181230545044, 0.11279341578483582, 0.11667501926422119, 0.12055662274360657, 0.12443822622299194]}, "gradients/context_embeddings.weight": {"_type": "histogram", "values": [14.0, 10.0, 0.0, 0.0, 3.0, 20.0, 1.0, 0.0, 0.0, 9.0, 30.0, 9.0, 3.0, 10.0, 12.0, 12.0, 57.0, 36.0, 30.0, 71.0, 37.0, 47.0, 136.0, 161.0, 342.0, 256.0, 632.0, 1277.0, 2083.0, 8113.0, 22744.0, 23118.0, 1354045.0, 21191.0, 19532.0, 2504.0, 1921.0, 856.0, 284.0, 315.0, 270.0, 144.0, 69.0, 25.0, 61.0, 55.0, 33.0, 62.0, 30.0, 1.0, 16.0, 9.0, 1.0, 24.0, 27.0, 0.0, 0.0, 0.0, 17.0, 9.0, 0.0, 0.0, 4.0, 22.0], "bins": [-9.667198173701763e-05, -9.367121674586087e-05, -9.06704444787465e-05, -8.766967948758975e-05, -8.466890722047538e-05, -8.166814222931862e-05, -7.866737723816186e-05, -7.566660497104749e-05, -7.266583270393312e-05, -6.966506771277636e-05, -6.66643027216196e-05, -6.366353045450523e-05, -6.066276546334848e-05, -5.7661996834212914e-05, -5.466122820507735e-05, -5.1660459575941786e-05, -4.865969094680622e-05, -4.565892231767066e-05, -4.2658153688535094e-05, -3.965738505939953e-05, -3.6656616430263966e-05, -3.365585143910721e-05, -3.065507917199284e-05, -2.765431418083608e-05, -2.4653549189679325e-05, -2.1652776922564954e-05, -1.8652011931408197e-05, -1.5651239664293826e-05, -1.2650474673137069e-05, -9.649702406022698e-06, -6.648937414865941e-06, -3.6481651477515697e-06, -6.474001565948129e-07, 2.353364834561944e-06, 5.354137101676315e-06, 8.354902092833072e-06, 1.1355674359947443e-05, 1.43564393511042e-05, 1.735721161821857e-05, 2.0357976609375328e-05, 2.33587488764897e-05, 2.6359513867646456e-05, 2.9360278858803213e-05, 3.2361051125917584e-05, 3.536181611707434e-05, 3.8362584746209905e-05, 4.136335337534547e-05, 4.436412200448103e-05, 4.7364890633616596e-05, 5.036565926275216e-05, 5.3366427891887724e-05, 5.636719652102329e-05, 5.936796515015885e-05, 6.236873014131561e-05, 6.536950240842998e-05, 6.837026739958674e-05, 7.13710323907435e-05, 7.437180465785787e-05, 7.737257692497224e-05, 8.037334191612899e-05, 8.337410690728575e-05, 8.637487917440012e-05, 8.937564416555688e-05, 9.237641643267125e-05, 9.5377181423828e-05]}, "gradients/target_embeddings.weight": {"_type": "histogram", "values": [6.0, 13.0, 14.0, 26.0, 17.0, 9.0, 31.0, 14.0, 16.0, 29.0, 37.0, 45.0, 17.0, 72.0, 83.0, 49.0, 109.0, 212.0, 208.0, 232.0, 316.0, 414.0, 459.0, 446.0, 617.0, 799.0, 699.0, 874.0, 1025.0, 921.0, 885.0, 1443642.0, 921.0, 847.0, 894.0, 906.0, 750.0, 639.0, 655.0, 485.0, 401.0, 395.0, 341.0, 256.0, 157.0, 218.0, 134.0, 46.0, 65.0, 92.0, 25.0, 35.0, 22.0, 36.0, 22.0, 6.0, 34.0, 10.0, 8.0, 26.0, 16.0, 8.0, 10.0, 4.0],