{"loss": 0.6147719802856445, "f1_score": 0.7829681274900399, "_timestamp": 1709599740.6596603, "_runtime": 43.085633277893066, "_step": 18, "_wandb": {"runtime": 191}}