{"loss": 0.0019382878541946411, "f1_score": 0.6651983848900457, "_timestamp": 1709419992.5930564, "_runtime": 6.423720359802246, "_step": 0, "_wandb": {"runtime": 63}}