{"parameters/target_embeddings.weight": {"_type": "histogram", "values": [3.0, 5.0, 6.0, 10.0, 10.0, 50.0, 104.0, 303.0, 537.0, 1014.0, 1588.0, 1845.0, 2132.0, 1973.0, 1844.0, 2503.0, 2332.0, 2936.0, 4174.0, 4572.0, 5814.0, 7183.0, 8973.0, 11755.0, 15464.0, 24215.0, 34114.0, 55301.0, 12304.0, 315.0, 117.0, 116.0, 2091.0, 47697.0, 36520.0, 24069.0, 16792.0, 11461.0, 8844.0, 7271.0, 5418.0, 4675.0, 4058.0, 2928.0, 2300.0, 2240.0, 1844.0, 1840.0, 1826.0, 1945.0, 1539.0, 1163.0, 582.0, 308.0, 127.0, 56.0, 20.0, 8.0, 7.0, 5.0, 1.0, 1.0, 1.0, 1.0], "bins": [-0.3183916211128235, -0.3080015480518341, -0.29761144518852234, -0.28722137212753296, -0.2768312692642212, -0.2664411962032318, -0.25605112314224243, -0.24566103518009186, -0.23527094721794128, -0.2248808592557907, -0.21449077129364014, -0.20410069823265076, -0.19371061027050018, -0.1833205223083496, -0.17293044924736023, -0.16254036128520966, -0.15215027332305908, -0.1417601853609085, -0.13137009739875793, -0.12098002433776855, -0.11058993637561798, -0.10019984841346741, -0.08980977535247803, -0.07941968739032745, -0.06902959942817688, -0.0586395263671875, -0.04824942350387573, -0.03785935044288635, -0.027469277381896973, -0.017079174518585205, -0.006689101457595825, 0.0037010014057159424, 0.014091074466705322, 0.024481147527694702, 0.03487125039100647, 0.04526132345199585, 0.05565142631530762, 0.066041499376297, 0.07643157243728638, 0.08682167530059814, 0.09721174836158752, 0.1076018363237381, 0.11799192428588867, 0.12838199734687805, 0.13877208530902863, 0.1491621732711792, 0.15955224633216858, 0.16994233429431915, 0.18033242225646973, 0.1907225102186203, 0.20111259818077087, 0.21150267124176025, 0.22189275920391083, 0.2322828471660614, 0.24267292022705078, 0.25306302309036255, 0.26345309615135193, 0.2738431692123413, 0.2842332720756531, 0.29462334513664246, 0.30501341819763184, 0.3154035210609436, 0.325793594121933, 0.33618369698524475, 0.34657377004623413]}, "_timestamp": 1709263596.8361368, "parameters/context_embeddings.weight": {"_type": "histogram", "values": [16.0, 8.0, 0.0, 0.0, 4.0, 37.0, 8.0, 78.0, 137.0, 88.0, 95.0, 173.0, 106.0, 70.0, 192.0, 541.0, 3066.0, 18777.0, 51937.0, 58666.0, 33957.0, 7392.0, 2518.0, 1892.0, 1845.0, 1438.0, 1035.0, 1181.0, 754.0, 777.0, 643.0, 374.0, 446.0, 683.0, 896.0, 806.0, 1301.0, 1125.0, 1545.0, 2041.0, 1989.0, 2800.0, 8544.0, 38185.0, 63672.0, 55352.0, 19316.0, 3083.0, 586.0, 194.0, 71.0, 113.0, 188.0, 102.0, 103.0, 141.0, 84.0, 7.0, 41.0, 5.0, 0.0, 0.0, 14.0, 12.0], "bins": [-0.2500656843185425, -0.24224647879600525, -0.2344272881746292, -0.22660809755325317, -0.21878889203071594, -0.2109696865081787, -0.20315049588680267, -0.19533130526542664, -0.1875120997428894, -0.17969289422035217, -0.17187370359897614, -0.1640545129776001, -0.15623530745506287, -0.14841610193252563, -0.1405969113111496, -0.13277772068977356, -0.12495851516723633, -0.1171393096446991, -0.10932011902332306, -0.10150092840194702, -0.09368172287940979, -0.08586251735687256, -0.07804332673549652, -0.07022413611412048, -0.06240493059158325, -0.05458572506904602, -0.04676653444766998, -0.038947343826293945, -0.031128138303756714, -0.023308932781219482, -0.015489742159843445, -0.007670551538467407, 0.00014862418174743652, 0.007967829704284668, 0.015787020325660706, 0.023606210947036743, 0.031425416469573975, 0.039244621992111206, 0.047063812613487244, 0.05488300323486328, 0.06270220875740051, 0.07052141427993774, 0.07834060490131378, 0.08615979552268982, 0.09397900104522705, 0.10179820656776428, 0.10961739718914032, 0.11743658781051636, 0.1252557933330536, 0.13307499885559082, 0.14089418947696686, 0.1487133800983429, 0.15653258562088013, 0.16435179114341736, 0.1721709817647934, 0.17999017238616943, 0.18780937790870667, 0.1956285834312439, 0.20344777405261993, 0.21126696467399597, 0.2190861701965332, 0.22690537571907043, 0.23472456634044647, 0.2425437569618225, 0.25036296248435974]}, "gradients/context_embeddings.weight": {"_type": "histogram", "values": [5.0, 13.0, 6.0, 0.0, 0.0, 0.0, 0.0, 0.0, 0.0, 1.0, 21.0, 27.0, 17.0, 13.0, 61.0, 62.0, 42.0, 15.0, 112.0, 168.0, 191.0, 321.0, 255.0, 404.0, 575.0, 1058.0, 1427.0, 3618.0, 6221.0, 7226.0, 28030.0, 286160.0, 11452.0, 23756.0, 6829.0, 6250.0, 2642.0, 1233.0, 889.0, 499.0, 322.0, 300.0, 329.0, 197.0, 126.0, 93.0, 22.0, 53.0, 64.0, 37.0, 24.0, 8.0, 40.0, 10.0, 0.0, 0.0, 0.0, 0.0, 0.0, 0.0, 0.0, 12.0, 12.0, 2.0], "bins": [-0.00020552269415929914, -0.0001990679738810286, -0.00019261325360275805, -0.0001861585333244875, -0.00017970381304621696, -0.0001732490782160312, -0.00016679435793776065, -0.0001603396376594901, -0.00015388491738121957, -0.00014743019710294902, -0.00014097547682467848, -0.00013452075654640794, -0.00012806602171622217, -0.00012161130871390924, -0.00011515658115968108, -0.00010870186088141054, -0.00010224714060314, -9.579242032486945e-05, -8.933770004659891e-05, -8.288297976832837e-05, -7.642825949005783e-05, -6.997352465987206e-05, -6.351880438160151e-05, -5.706408410333097e-05, -5.060936382506043e-05, -4.4154643546789885e-05, -3.769992326851934e-05, -3.12452029902488e-05, -2.479046816006303e-05, -1.8335747881792486e-05, -1.1881027603521943e-05, -5.4263073252514005e-06, 1.0283984011039138e-06, 7.483118679374456e-06, 1.3937838957644999e-05, 2.039255923591554e-05, 2.6847279514186084e-05, 3.3302014344371855e-05, 3.97567346226424e-05, 4.621145490091294e-05, 5.266617517918348e-05, 5.9120895457454026e-05, 6.557561573572457e-05, 7.203033601399511e-05, 7.848507084418088e-05, 8.493979112245142e-05, 9.139451140072197e-05, 9.784923167899251e-05, 0.00010430395195726305, 0.0001107586722355336, 0.00011721339251380414, 0.00012366811279207468, 0.00013012284762226045, 0.00013657755334861577, 0.00014303228817880154, 0.00014948700845707208, 0.00015594172873534262, 0.00016239644901361316, 0.0001688511692918837, 0.00017530590412206948, 0.0001817606098484248, 0.00018821534467861056, 0.0001946700649568811, 0.00020112478523515165, 0.0002075795055134222]}, "gradients/target_embeddings.weight": {"_type": "histogram", "values": [7.0, 20.0, 28.0, 9.0, 12.0, 23.0, 32.0, 55.0, 70.0, 48.0, 35.0, 56.0, 112.0, 165.0, 122.0, 162.0, 169.0, 295.0, 174.0, 262.0, 322.0, 355.0, 385.0, 499.0, 450.0, 484.0, 728.0, 596.0, 735.0, 687.0, 551.0, 705.0, 374968.0, 542.0, 648.0, 750.0, 626.0, 739.0, 569.0, 443.0, 524.0, 434.0, 342.0, 340.0, 275.0, 202.0, 290.0, 198.0, 165.0, 128.0, 166.0, 121.0, 71.0, 35.0, 55.0, 67.0, 66.0, 32.0, 28.0, 13.0, 7.0, 22.0, 17.0, 14.0],