{"loss": 0.4117064544437453, "f1_score": 0.8268579800939726, "_timestamp": 1709589457.9471335, "_runtime": 687.7659986019135, "_step": 319, "_wandb": {"runtime": 1784}}