{"loss": 0.3506427232159767, "f1_score": 0.8384705225206927, "_timestamp": 1709635195.8773434, "_runtime": 115.97810745239258, "_step": 16, "_wandb": {"runtime": 122}}