{"parameters/target_embeddings.weight": {"_type": "histogram", "values": [1.0, 0.0, 0.0, 0.0, 0.0, 0.0, 0.0, 0.0, 0.0, 1.0, 1.0, 0.0, 1.0, 1.0, 4.0, 9.0, 8.0, 17.0, 30.0, 62.0, 122.0, 175.0, 324.0, 570.0, 1124.0, 2054.0, 3729.0, 6284.0, 10373.0, 16557.0, 25312.0, 37008.0, 52759.0, 72375.0, 97255.0, 126984.0, 162133.0, 206071.0, 259848.0, 337511.0, 330590.0, 252286.0, 196344.0, 153525.0, 116739.0, 86940.0, 62514.0, 43806.0, 29365.0, 19165.0, 11908.0, 7210.0, 4210.0, 2374.0, 1275.0, 671.0, 380.0, 165.0, 107.0, 42.0, 15.0, 9.0, 5.0, 2.0], "bins": [-23.955156326293945, -23.355552673339844, -22.755950927734375, -22.156347274780273, -21.556745529174805, -20.957141876220703, -20.357540130615234, -19.757936477661133, -19.15833282470703, -18.558731079101562, -17.95912742614746, -17.35952377319336, -16.75992202758789, -16.16031837463379, -15.560715675354004, -14.961112976074219, -14.361510276794434, -13.761907577514648, -13.162304878234863, -12.562701225280762, -11.963098526000977, -11.363495826721191, -10.763893127441406, -10.164290428161621, -9.564687728881836, -8.965084075927734, -8.36548137664795, -7.765878677368164, -7.1662750244140625, -6.566673278808594, -5.967069625854492, -5.367467880249023, -4.767864227294922, -4.16826057434082, -3.5686588287353516, -2.96905517578125, -2.3694534301757812, -1.7698497772216797, -1.1702470779418945, -0.5706443786621094, 0.028959274291992188, 0.6285619735717773, 1.2281646728515625, 1.8277673721313477, 2.427370071411133, 3.026972770690918, 3.6265764236450195, 4.226179122924805, 4.82578182220459, 5.425384521484375, 6.02498722076416, 6.6245903968811035, 7.224193572998047, 7.823796272277832, 8.423398971557617, 9.023002624511719, 9.622604370117188, 10.222208023071289, 10.821810722351074, 11.42141342163086, 12.021016120910645, 12.62061882019043, 13.220222473144531, 13.819825172424316, 14.419427871704102]}, "_timestamp": 1709593913.925516, "parameters/context_embeddings.weight": {"_type": "histogram", "values": [4.0, 31.0, 122.0, 316.0, 717.0, 1278.0, 1753.0, 1364.0, 625.0, 474.0, 1244.0, 4324.0, 13745.0, 38034.0, 96307.0, 224059.0, 462396.0, 763795.0, 583408.0, 300171.0, 135009.0, 55247.0, 22261.0, 10009.0, 6221.0, 4796.0, 3931.0, 2660.0, 1552.0, 757.0, 458.0, 248.0, 155.0, 96.0, 112.0, 84.0, 83.0, 89.0, 86.0, 60.0, 35.0, 34.0, 12.0, 11.0, 9.0, 11.0, 4.0, 7.0, 9.0, 5.0, 9.0, 8.0, 6.0, 8.0, 10.0, 8.0, 13.0, 16.0, 15.0, 11.0, 13.0, 2.0, 10.0, 3.0], "bins": [-21.693817138671875, -20.467208862304688, -19.2406005859375, -18.013992309570312, -16.787384033203125, -15.560775756835938, -14.33416748046875, -13.107559204101562, -11.880950927734375, -10.654342651367188, -9.427734375, -8.201126098632812, -6.974517822265625, -5.7479095458984375, -4.52130126953125, -3.2946929931640625, -2.068084716796875, -0.8414764404296875, 0.3851318359375, 1.6117401123046875, 2.838348388671875, 4.0649566650390625, 5.29156494140625, 6.5181732177734375, 7.744781494140625, 8.971389770507812, 10.197998046875, 11.424606323242188, 12.651214599609375, 13.877822875976562, 15.10443115234375, 16.331039428710938, 17.55764389038086, 18.784252166748047, 20.010860443115234, 21.237468719482422, 22.46407699584961, 23.690685272216797, 24.917293548583984, 26.143901824951172, 27.37051010131836, 28.597118377685547, 29.823726654052734, 31.050334930419922, 32.27694320678711, 33.5035514831543, 34.730159759521484, 35.95676803588867, 37.18337631225586, 38.40998458862305, 39.636592864990234, 40.86320114135742, 42.08980941772461, 43.3164176940918, 44.543025970458984, 45.76963424682617, 46.99624252319336, 48.22285079956055, 49.449459075927734, 50.67606735229492, 51.90267562866211, 53.1292839050293, 54.355892181396484, 55.58250045776367, 56.80910873413086]}, "gradients/context_embeddings.weight": {"_type": "histogram", "values": [1.0, 0.0, 0.0, 0.0, 0.0, 1.0, 1.0, 2.0, 5.0, 3.0, 8.0, 11.0, 18.0, 11.0, 20.0, 23.0, 39.0, 30.0, 58.0, 69.0, 103.0, 121.0, 184.0, 247.0, 330.0, 531.0, 728.0, 1182.0, 2365.0, 5918.0, 55930.0, 2657310.0, 6702.0, 2487.0, 1264.0, 804.0, 533.0, 303.0, 235.0, 177.0, 138.0, 130.0, 78.0, 53.0, 35.0, 37.0, 29.0, 28.0, 14.0, 16.0, 11.0, 10.0, 5.0, 1.0, 1.0, 1.0, 2.0, 0.0, 2.0, 1.0, 1.0, 1.0, 0.0, 2.0], "bins": [-0.0008469379390589893, -0.0008196553681045771, -0.0007923727971501648, -0.0007650902261957526, -0.0007378076552413404, -0.0007105250842869282, -0.000683242513332516, -0.0006559599423781037, -0.0006286773714236915, -0.0006013948004692793, -0.000574112287722528, -0.0005468296585604548, -0.0005195471458137035, -0.0004922645166516304, -0.00046498197480104864, -0.0004376994038466364, -0.0004104168328922242, -0.00038313426193781197, -0.0003558517200872302, -0.000328569149132818, -0.00030128657817840576, -0.00027400400722399354, -0.0002467214362695813, -0.0002194388653151691, -0.00019215629436075687, -0.00016487372340634465, -0.00013759115245193243, -0.00011030858149752021, -8.302601054310799e-05, -5.5743439588695765e-05, -2.8460868634283543e-05, -1.1782976798713207e-06, 2.61042732745409e-05, 5.338684422895312e-05, 8.066941518336535e-05, 0.00010795198613777757, 0.0001352345570921898, 0.000162517128046602, 0.00018979969900101423, 0.00021708226995542645, 0.0002443648409098387, 0.0002716474118642509, 0.0002989299828186631, 0.00032621255377307534, 0.00035349512472748756, 0.0003807776956818998, 0.000408060266636312, 0.0004353428084868938, 0.000462625379441306, 0.0004899079212918878, 0.0005171905504539609, 0.0005444730632007122, 0.0005717556923627853, 0.0005990382051095366, 0.0006263208342716098, 0.0006536033470183611, 0.0006808859179727733, 0.0007081684889271855, 0.0007354510598815978, 0.00076273363083601, 0.0007900162017904222, 0.0008172987727448344, 0.0008445813436992466, 0.0008718639146536589, 0.0008991464856080711]}, "gradients/target_embeddings.weight": {"_type": "histogram", "values": [1.0, 0.0, 0.0, 0.0, 0.0, 0.0, 0.0, 0.0, 0.0, 0.0, 0.0, 0.0, 0.0, 0.0, 0.0, 0.0, 0.0, 1.0, 0.0, 1.0, 1.0, 0.0, 1.0, 2.0, 1.0, 3.0, 3.0, 6.0, 9.0, 15.0, 20.0, 29.0, 39.0, 59.0, 122.0, 219.0, 339.0, 576.0, 1061.0, 2001.0, 4373.0, 2717190.0, 6338.0, 2770.0, 1339.0, 735.0, 425.0, 261.0, 149.0, 81.0, 66.0, 37.0, 24.0, 10.0, 11.0, 6.0, 8.0, 5.0, 4.0, 3.0, 1.0, 2.0, 0.0, 3.0], "bins": [-0.002112856600433588, -0.0020621956791728735, -0.0020115345250815153, -0.0019608736038208008, -0.0019102126825600863, -0.00185955164488405, -0.0018088906072080135, -0.001758229685947299, -0.0017075687646865845, -0.0016569077270105481, -0.0016062466893345118, -0.0015555857680737972, -0.0015049247303977609, -0.0014542636927217245, -0.00140360277146101, -0.0013529418502002954, -0.001302280812524259, -0.0012516197748482227, -0.0012009588535875082, -0.0011502979323267937, -0.0010996368946507573, -0.001048975856974721, -0.0009983149357140064, -0.0009476538980379701, -0.0008969928603619337, -0.0008463319391012192, -0.0007956709014251828, -0.0007450099801644683, -0.0006943489424884319, -0.0006436880212277174, -0.000593026983551681, -0.0005423660622909665, -0.0004917049081996083, -0.00044104387052357197, -0.00039038294926285744, -0.0003397219115868211, -0.00028906099032610655, -0.0002383999526500702, -0.00018773903138935566, -0.0001370779937133193, -8.641707245260477e-05, -3.575603477656841e-05, 1.4905002899467945e-05, 6.556592416018248e-05, 0.00011622696183621883, 0.00016688794130459428, 0.00021754892077296972, 0.00026820990024134517, 0.0003188708797097206, 0.00036953185917809606, 0.0004201928386464715, 0.00047085381811484694, 0.0005215147975832224, 0.0005721758352592587, 0.0006228368147276342, 0.0006734977941960096, 0.0007241587736643851, 0.0007748197531327605, 0.000825480732601136, 0.0008761417120695114, 0.0009268027497455478, 0.0009774636710062623, 0.0010281247086822987, 0.0010787856299430132, 0.0011294466676190495]}, "Cumulative Loss": 0.6377017485698064, "_runtime": 3046.762154817581, "_step": 20, "_wandb": {"runtime": 3054}}