{"loss": 0.36703890914097426, "f1_score": 0.784703824043989, "_timestamp": 1709531186.041545, "_runtime": 1794.063892841339, "_step": 938}