{"loss": 0.5686867099404335, "f1_score": 0.8362976018800405, "_timestamp": 1709620697.8092234, "_runtime": 502.0825355052948, "_step": 249}