{"parameters/target_embeddings.weight": {"_type": "histogram", "values": [1.0, 0.0, 0.0, 0.0, 0.0, 0.0, 0.0, 1.0, 0.0, 0.0, 1.0, 2.0, 0.0, 0.0, 1.0, 2.0, 5.0, 12.0, 28.0, 45.0, 85.0, 175.0, 414.0, 771.0, 1719.0, 3526.0, 7207.0, 14118.0, 25507.0, 43538.0, 69731.0, 102623.0, 140055.0, 172774.0, 193697.0, 192981.0, 174977.0, 142653.0, 106533.0, 73341.0, 47262.0, 28652.0, 15997.0, 8733.0, 4499.0, 2127.0, 1034.0, 456.0, 185.0, 61.0, 37.0, 13.0, 3.0, 5.0, 3.0, 3.0, 1.0, 1.0, 3.0, 1.0, 0.0, 0.0, 0.0, 1.0], "bins": [-6.124971866607666, -5.948183059692383, -5.7713942527771, -5.594605445861816, -5.417817115783691, -5.241028308868408, -5.064239501953125, -4.887450695037842, -4.710661888122559, -4.533873558044434, -4.357084274291992, -4.180295944213867, -4.003507137298584, -3.826718330383301, -3.6499295234680176, -3.4731409549713135, -3.2963521480560303, -3.119563341140747, -2.942774772644043, -2.7659859657287598, -2.5891971588134766, -2.4124085903167725, -2.2356197834014893, -2.058831214904785, -1.882042407989502, -1.7052536010742188, -1.5284647941589355, -1.3516759872436523, -1.1748871803283691, -0.9980988502502441, -0.8213100433349609, -0.6445212364196777, -0.46773242950439453, -0.29094362258911133, -0.11415481567382812, 0.06263399124145508, 0.23942232131958008, 0.4162111282348633, 0.5929999351501465, 0.7697887420654297, 0.9465775489807129, 1.123366355895996, 1.3001549243927002, 1.4769437313079834, 1.6537322998046875, 1.8305211067199707, 2.007309913635254, 2.184098482131958, 2.360887289047241, 2.5376760959625244, 2.7144646644592285, 2.8912534713745117, 3.068042278289795, 3.244831085205078, 3.4216196537017822, 3.5984084606170654, 3.7751970291137695, 3.9519858360290527, 4.128774642944336, 4.305563449859619, 4.482352256774902, 4.659140586853027, 4.8359293937683105, 5.012718200683594, 5.189507007598877]}, "_timestamp": 1709627923.8821325, "parameters/context_embeddings.weight": {"_type": "histogram", "values": [2.0, 6.0, 7.0, 19.0, 38.0, 73.0, 102.0, 136.0, 171.0, 293.0, 441.0, 801.0, 1149.0, 1536.0, 2249.0, 3199.0, 4574.0, 7266.0, 11343.0, 17146.0, 24817.0, 34384.0, 48288.0, 66600.0, 88351.0, 110988.0, 131452.0, 146262.0, 150004.0, 144448.0, 129128.0, 108795.0, 88695.0, 68101.0, 52365.0, 39390.0, 29526.0, 21327.0, 15237.0, 10029.0, 6135.0, 3784.0, 2384.0, 1503.0, 962.0, 686.0, 476.0, 299.0, 190.0, 151.0, 89.0, 76.0, 49.0, 33.0, 26.0, 8.0, 8.0, 1.0, 0.0, 0.0, 1.0, 0.0, 0.0, 1.0], "bins": [-4.004393100738525, -3.869971752166748, -3.7355504035949707, -3.6011290550231934, -3.466707706451416, -3.3322863578796387, -3.1978652477264404, -3.063443899154663, -2.9290225505828857, -2.7946012020111084, -2.660179853439331, -2.525758743286133, -2.3913373947143555, -2.256916046142578, -2.122494697570801, -1.9880733489990234, -1.853652000427246, -1.7192306518554688, -1.5848093032836914, -1.450387954711914, -1.3159666061401367, -1.1815454959869385, -1.0471241474151611, -0.9127027988433838, -0.7782814502716064, -0.6438601016998291, -0.5094387531280518, -0.3750174045562744, -0.24059629440307617, -0.10617494583129883, 0.028246402740478516, 0.16266775131225586, 0.297088623046875, 0.43150997161865234, 0.5659313201904297, 0.700352668762207, 0.8347740173339844, 0.9691951274871826, 1.10361647605896, 1.2380378246307373, 1.3724591732025146, 1.506880521774292, 1.6413018703460693, 1.7757232189178467, 1.910144329071045, 2.0445656776428223, 2.1789870262145996, 2.313408374786377, 2.4478297233581543, 2.5822510719299316, 2.716672420501709, 2.8510937690734863, 2.9855151176452637, 3.119936466217041, 3.2543575763702393, 3.3887789249420166, 3.523200273513794, 3.6576216220855713, 3.7920429706573486, 3.926464080810547, 4.060885429382324, 4.195306777954102, 4.329728126525879, 4.464149475097656, 4.598570823669434]}, "gradients/context_embeddings.weight": {"_type": "histogram", "values": [1.0, 0.0, 0.0, 0.0, 3.0, 6.0, 4.0, 5.0, 12.0, 11.0, 12.0, 15.0, 33.0, 52.0, 73.0, 118.0, 167.0, 311.0, 507.0, 924.0, 1846.0, 3907.0, 8619.0, 19779.0, 93560.0, 1407439.0, 22559.0, 8453.0, 3553.0, 1633.0, 822.0, 411.0, 275.0, 169.0, 97.0, 61.0, 40.0, 40.0, 22.0, 18.0, 9.0, 5.0, 11.0, 3.0, 2.0, 9.0, 1.0, 0.0, 0.0, 1.0, 0.0, 1.0, 0.0, 0.0, 0.0, 0.0, 0.0, 0.0, 0.0, 0.0, 0.0, 0.0, 0.0, 1.0], "bins": [-0.00018295225163456053, -0.00017565010057296604, -0.00016834796406328678, -0.0001610458130016923, -0.00015374367649201304, -0.00014644152543041855, -0.0001391393889207393, -0.0001318372378591448, -0.00012453508679755032, -0.00011723295028787106, -0.00010993080650223419, -0.00010262866271659732, -9.532651165500283e-05, -8.802436786936596e-05, -8.072222408372909e-05, -7.342008029809222e-05, -6.611793651245534e-05, -5.881578545086086e-05, -5.15136489411816e-05, -4.4211497879587114e-05, -3.6909361369907856e-05, -2.960721030831337e-05, -2.2305073798634112e-05, -1.5002922737039626e-05, -7.70077167544514e-06, -3.9863516576588154e-07, 6.903515895828605e-06, 1.4205652405507863e-05, 2.150780346710235e-05, 2.8809939976781607e-05, 3.611209103837609e-05, 4.341422754805535e-05, 5.071636405773461e-05, 5.8018515119329095e-05, 6.532065162900835e-05, 7.262280269060284e-05, 7.99249392002821e-05, 8.722709026187658e-05, 9.452922677155584e-05, 0.00010183137783315033, 0.00010913351434282959, 0.00011643566540442407, 0.00012373781646601856, 0.00013103995297569782, 0.0001383421040372923, 0.00014564424054697156, 0.00015294639160856605, 0.0001602485281182453, 0.0001675506791798398, 0.00017485281568951905, 0.00018215496675111353, 0.00018945711781270802, 0.00019675925432238728, 0.00020406140538398176, 0.00021136354189366102, 0.0002186656929552555, 0.00022596784401685, 0.00023326998052652925, 0.0002405721170362085, 0.000247874268097803, 0.0002551764191593975, 0.00026247857022099197, 0.000269780692178756, 0.0002770828432403505, 0.00028438499430194497]}, "gradients/target_embeddings.weight": {"_type": "histogram", "values": [2.0, 0.0, 1.0, 2.0, 1.0, 3.0, 0.0, 2.0, 7.0, 9.0, 14.0, 9.0, 14.0, 19.0, 23.0, 28.0, 30.0, 46.0, 84.0, 76.0, 118.0, 164.0, 207.0, 355.0, 551.0, 888.0, 1549.0, 2776.0, 4786.0, 7036.0, 1535940.0, 7280.0, 5008.0, 3205.0, 1912.0, 1188.0, 709.0, 466.0, 299.0, 231.0, 150.0, 105.0, 65.0, 64.0, 36.0, 25.0, 24.0, 23.0, 16.0, 7.0, 12.0, 9.0, 6.0, 8.0, 3.0, 3.0, 2.0, 0.0, 2.0, 0.0, 1.0, 0.0, 0.0, 1.0], "bins": [-0.00024100119480863214, -0.00023314660938922316, -0.00022529202396981418, -0.0002174374385504052, -0.00020958285313099623, -0.00020172828226350248, -0.0001938736968440935, -0.00018601911142468452, -0.00017816452600527555, -0.00017030994058586657, -0.0001624553551664576, -0.00015460076974704862, -0.00014674619887955487, -0.00013889159890823066, -0.00013103702804073691, -0.00012318244262132794, -0.00011532785720191896, -0.00010747327178250998, -9.9618686363101e-05, -9.176410094369203e-05, -8.390951552428305e-05, -7.60549446567893e-05, -6.820035923738033e-05, -6.034577381797135e-05, -5.249118839856237e-05, -4.4636602979153395e-05, -3.678201755974442e-05, -2.892743214033544e-05, -2.1072861272841692e-05, -1.3218275853432715e-05, -5.363690434023738e-06, 2.490894985385239e-06, 1.0345509508624673e-05, 1.820009492803365e-05, 2.6054680347442627e-05, 3.3909265766851604e-05, 4.176385118626058e-05, 4.961842205375433e-05, 5.747300747316331e-05, 6.532759289257228e-05, 7.318217831198126e-05, 8.103676373139024e-05, 8.889134915079921e-05, 9.674593457020819e-05, 0.00010460050543770194, 0.00011245509085711092, 0.0001203096762765199, 0.00012816426169592887, 0.00013601884711533785, 0.00014387343253474683, 0.0001517280179541558, 0.00015958258882164955, 0.00016743718879297376, 0.0001752917596604675, 0.00018314634507987648, 0.00019100093049928546, 0.00019885551591869444, 0.00020671010133810341, 0.0002145646867575124, 0.00022241927217692137, 0.00023027384304441512, 0.0002381284284638241, 0.00024598301388323307, 0.0002538376138545573, 0.000261692184722051]}, "Cumulative Loss": 0.37215958019097645, "_runtime": 5872.412492513657, "_step": 30, "_wandb": {"runtime": 5900}}