{"loss": 0.0010026237964630127, "f1_score": 0.6651983848900457, "_timestamp": 1709527245.6206355, "_runtime": 13.238088607788086, "_step": 6, "_wandb": {"runtime": 506}}