{"parameters/target_embeddings.weight": {"_type": "histogram", "values": [1.0, 3.0, 0.0, 1.0, 0.0, 2.0, 0.0, 2.0, 1.0, 2.0, 5.0, 7.0, 24.0, 31.0, 75.0, 149.0, 262.0, 519.0, 938.0, 1637.0, 2836.0, 4577.0, 7595.0, 12379.0, 18937.0, 28517.0, 41403.0, 57453.0, 76169.0, 95889.0, 113966.0, 127860.0, 134638.0, 133361.0, 123661.0, 107702.0, 88233.0, 68729.0, 51319.0, 36314.0, 24823.0, 16226.0, 10145.0, 6426.0, 3833.0, 2250.0, 1234.0, 714.0, 389.0, 225.0, 110.0, 59.0, 25.0, 16.0, 9.0, 4.0, 6.0, 2.0, 1.0, 0.0, 1.0, 1.0, 1.0, 3.0], "bins": [-4.485053539276123, -4.348027229309082, -4.211001396179199, -4.073975086212158, -3.9369492530822754, -3.7999229431152344, -3.6628968715667725, -3.5258708000183105, -3.3888447284698486, -3.2518186569213867, -3.114792585372925, -2.977766513824463, -2.840740203857422, -2.703714370727539, -2.566688060760498, -2.429661989212036, -2.292635917663574, -2.1556098461151123, -2.0185837745666504, -1.8815577030181885, -1.7445316314697266, -1.6075053215026855, -1.4704792499542236, -1.3334531784057617, -1.1964271068572998, -1.059401035308838, -0.922374963760376, -0.7853488922119141, -0.648322582244873, -0.5112965106964111, -0.3742704391479492, -0.2372446060180664, -0.1002187728881836, 0.03680753707885742, 0.17383337020874023, 0.31085944175720215, 0.44788551330566406, 0.5849118232727051, 0.721937894821167, 0.8589639663696289, 0.9959900379180908, 1.1330161094665527, 1.2700421810150146, 1.4070682525634766, 1.5440945625305176, 1.6811206340789795, 1.8181467056274414, 1.9551727771759033, 2.0921988487243652, 2.229224920272827, 2.366250991821289, 2.50327730178833, 2.640303134918213, 2.777329444885254, 2.914355516433716, 3.0513815879821777, 3.1884076595306396, 3.3254337310791016, 3.4624598026275635, 3.5994858741760254, 3.7365121841430664, 3.8735382556915283, 4.01056432723999, 4.147590160369873, 4.284616470336914]}, "_timestamp": 1709627350.5874758, "parameters/context_embeddings.weight": {"_type": "histogram", "values": [1.0, 0.0, 1.0, 2.0, 5.0, 9.0, 18.0, 32.0, 40.0, 76.0, 104.0, 240.0, 440.0, 699.0, 917.0, 1293.0, 1900.0, 2917.0, 5029.0, 8127.0, 12379.0, 17839.0, 26522.0, 37774.0, 53445.0, 71807.0, 92628.0, 111554.0, 127228.0, 134587.0, 134342.0, 124120.0, 109564.0, 89344.0, 69605.0, 51857.0, 37332.0, 25727.0, 17856.0, 11388.0, 7428.0, 5001.0, 3408.0, 2220.0, 1379.0, 905.0, 799.0, 580.0, 441.0, 306.0, 220.0, 115.0, 81.0, 36.0, 16.0, 10.0, 5.0, 0.0, 0.0, 0.0, 0.0, 0.0, 0.0, 2.0], "bins": [-4.1605448722839355, -4.0220513343811035, -3.8835580348968506, -3.7450647354125977, -3.6065711975097656, -3.4680776596069336, -3.3295843601226807, -3.1910910606384277, -3.0525975227355957, -2.9141039848327637, -2.7756106853485107, -2.637117385864258, -2.498623847961426, -2.3601303100585938, -2.221637010574341, -2.083143711090088, -1.9446501731872559, -1.8061566352844238, -1.667663335800171, -1.529170036315918, -1.390676498413086, -1.252182960510254, -1.113689661026001, -0.975196361541748, -0.836702823638916, -0.698209285736084, -0.559715986251831, -0.4212226867675781, -0.2827291488647461, -0.14423561096191406, -0.005742549896240234, 0.1327509880065918, 0.2712440490722656, 0.40973758697509766, 0.5482311248779297, 0.6867241859436035, 0.8252177238464355, 0.9637112617492676, 1.1022045612335205, 1.2406978607177734, 1.3791913986206055, 1.5176849365234375, 1.6561782360076904, 1.7946715354919434, 1.9331650733947754, 2.0716586112976074, 2.2101519107818604, 2.3486452102661133, 2.4871387481689453, 2.6256322860717773, 2.7641255855560303, 2.902618885040283, 3.0411124229431152, 3.1796059608459473, 3.3180992603302, 3.456592559814453, 3.595086097717285, 3.733579635620117, 3.87207293510437, 4.010566234588623, 4.149059772491455, 4.287553310394287, 4.426046371459961, 4.564539909362793, 4.703033447265625]}, "gradients/context_embeddings.weight": {"_type": "histogram", "values": [1.0, 0.0, 0.0, 0.0, 0.0, 0.0, 0.0, 0.0, 1.0, 1.0, 1.0, 6.0, 6.0, 4.0, 10.0, 9.0, 16.0, 20.0, 33.0, 57.0, 86.0, 134.0, 270.0, 497.0, 1047.0, 2357.0, 5957.0, 16625.0, 87101.0, 1254119.0, 20781.0, 7213.0, 2749.0, 1236.0, 582.0, 288.0, 190.0, 112.0, 63.0, 35.0, 25.0, 17.0, 10.0, 10.0, 13.0, 6.0, 3.0, 2.0, 1.0, 0.0, 1.0, 2.0, 0.0, 0.0, 0.0, 0.0, 0.0, 0.0, 0.0, 0.0, 1.0, 0.0, 1.0, 1.0], "bins": [-0.00025901070330291986, -0.0002501109556760639, -0.0002412111934972927, -0.0002323114313185215, -0.00022341168369166553, -0.00021451192151289433, -0.00020561215933412313, -0.00019671241170726717, -0.00018781264952849597, -0.00017891288734972477, -0.0001700131397228688, -0.0001611133775440976, -0.0001522136153653264, -0.00014331386773847044, -0.00013441410555969924, -0.00012551435793284327, -0.00011661459575407207, -0.00010771483357530087, -9.88150859484449e-05, -8.99153237696737e-05, -8.101557614281774e-05, -7.211581396404654e-05, -6.321605178527534e-05, -5.431630415841937e-05, -4.541654197964817e-05, -3.6516779800876975e-05, -2.7617032174021006e-05, -1.8717269995249808e-05, -9.81750781647861e-06, -9.177601896226406e-07, 7.981987437233329e-06, 1.6881764167919755e-05, 2.578154089860618e-05, 3.468128852546215e-05, 4.358106525614858e-05, 5.2480812883004546e-05, 6.138056050986052e-05, 7.028032268863171e-05, 7.918008486740291e-05, 8.807983249425888e-05, 9.697959467303008e-05, 0.00010587935685180128, 0.00011477910447865725, 0.00012367886665742844, 0.00013257862883619964, 0.0001414783764630556, 0.0001503781386418268, 0.00015927788626868278, 0.00016817764844745398, 0.00017707741062622517, 0.00018597715825308114, 0.00019487692043185234, 0.0002037766680587083, 0.0002126764302374795, 0.0002215761924162507, 0.00023047594004310668, 0.00023937570222187787, 0.00024827546440064907, 0.00025717521202750504, 0.000266074959654361, 0.00027497473638504744, 0.0002838744840119034, 0.0002927742316387594, 0.0003016740083694458, 0.00031057375599630177]}, "gradients/target_embeddings.weight": {"_type": "histogram", "values": [1.0, 0.0, 0.0, 0.0, 0.0, 2.0, 0.0, 0.0, 0.0, 1.0, 1.0, 0.0, 2.0, 1.0, 0.0, 2.0, 1.0, 5.0, 4.0, 4.0, 11.0, 14.0, 20.0, 25.0, 54.0, 59.0, 109.0, 181.0, 270.0, 471.0, 795.0, 1587.0, 3421.0, 6726.0, 10233.0, 1363448.0, 6856.0, 3502.0, 1648.0, 878.0, 500.0, 301.0, 203.0, 126.0, 69.0, 42.0, 41.0, 19.0, 16.0, 18.0, 7.0, 4.0, 6.0, 6.0, 2.0, 1.0, 1.0, 2.0, 3.0, 0.0, 0.0, 0.0, 0.0, 1.0], "bins": [-0.0003602103388402611, -0.00034992690780200064, -0.00033964350586757064, -0.0003293600748293102, -0.0003190766437910497, -0.00030879321275278926, -0.00029850981081835926, -0.0002882263797800988, -0.0002779429778456688, -0.00026765954680740833, -0.0002573761157691479, -0.0002470926847308874, -0.0002368092827964574, -0.00022652585175819695, -0.00021624243527185172, -0.00020595900423359126, -0.00019567558774724603, -0.0001853921712609008, -0.00017510874022264034, -0.0001648253237362951, -0.00015454189269803464, -0.0001442584762116894, -0.00013397505972534418, -0.00012369162868708372, -0.00011340822675265372, -0.00010312479571439326, -9.28413646761328e-05, -8.255793363787234e-05, -7.227453170344234e-05, -6.199110066518188e-05, -5.1707669626921415e-05, -4.142426769249141e-05, -3.114086575806141e-05, -2.085743471980095e-05, -1.0574032785370946e-05, -2.9060174711048603e-07, 9.992829291149974e-06, 2.0276231225579977e-05, 3.055966226384044e-05, 4.08430933021009e-05, 5.112652434036136e-05, 6.140992627479136e-05, 7.169335731305182e-05, 8.197677379939705e-05, 9.226019028574228e-05, 0.00010254362132400274, 0.00011282703781034797, 0.00012311046884860843, 0.00013339388533495367, 0.0001436773018212989, 0.00015396073285955936, 0.0001642441493459046, 0.00017452758038416505, 0.00018481099687051028, 0.0001950944133568555, 0.00020537784439511597, 0.0002156612608814612, 0.00022594467736780643, 0.0002362281084060669, 0.00024651153944432735, 0.00025679494137875736, 0.0002670783724170178, 0.0002773618034552783, 0.0002876452053897083, 0.00029792863642796874]}, "Cumulative Loss": 0.37272299131751063, "_runtime": 5279.120769739151, "_step": 30, "_wandb": {"runtime": 5304}}