{"Cumulative Loss": 0.3727536937594414, "_timestamp": 1709531334.4696066, "_runtime": 1453.65034365654, "_step": 583, "parameters/target_embeddings.weight": {"_type": "histogram", "values": [2.0, 2.0, 0.0, 1.0, 0.0, 0.0, 0.0, 2.0, 4.0, 5.0, 4.0, 10.0, 9.0, 31.0, 43.0, 104.0, 244.0, 479.0, 981.0, 2163.0, 4187.0, 8001.0, 14379.0, 24592.0, 38754.0, 58139.0, 80658.0, 106191.0, 129858.0, 147584.0, 156406.0, 153089.0, 138528.0, 117442.0, 92249.0, 67649.0, 46836.0, 30197.0, 18662.0, 10853.0, 5955.0, 3236.0, 1637.0, 843.0, 387.0, 210.0, 91.0, 43.0, 24.0, 11.0, 7.0, 4.0, 6.0, 3.0, 2.0, 1.0, 0.0, 0.0, 0.0, 0.0, 0.0, 0.0, 0.0, 2.0], "bins": [-3.441997766494751, -3.3307576179504395, -3.219517230987549, -3.1082770824432373, -2.9970366954803467, -2.885796546936035, -2.7745561599731445, -2.663316011428833, -2.5520758628845215, -2.440835475921631, -2.3295950889587402, -2.2183549404144287, -2.107114791870117, -1.9958745241165161, -1.884634256362915, -1.773393988609314, -1.662153720855713, -1.5509134531021118, -1.4396731853485107, -1.3284330368041992, -1.2171926498413086, -1.105952501296997, -0.9947121143341064, -0.8834719657897949, -0.7722318172454834, -0.6609914302825928, -0.5497512817382812, -0.4385108947753906, -0.3272707462310791, -0.21603035926818848, -0.10479021072387695, 0.006450176239013672, 0.1176900863647461, 0.22893023490905762, 0.34017062187194824, 0.45141077041625977, 0.5626511573791504, 0.6738913059234619, 0.7851316928863525, 0.8963718414306641, 1.0076122283935547, 1.1188523769378662, 1.2300925254821777, 1.3413329124450684, 1.4525730609893799, 1.5638134479522705, 1.675053596496582, 1.786293864250183, 1.8975341320037842, 2.0087742805480957, 2.1200146675109863, 2.231255054473877, 2.3424952030181885, 2.4537353515625, 2.5649757385253906, 2.676215887069702, 2.7874560356140137, 2.8986964225769043, 3.009936809539795, 3.1211769580841064, 3.232417106628418, 3.3436574935913086, 3.45489764213562, 3.5661380290985107, 3.6773781776428223]}, "parameters/context_embeddings.weight": {"_type": "histogram", "values": [2.0, 14.0, 17.0, 27.0, 64.0, 121.0, 158.0, 272.0, 382.0, 434.0, 511.0, 529.0, 655.0, 833.0, 1327.0, 1986.0, 3062.0, 4641.0, 7142.0, 10736.0, 16054.0, 23159.0, 32505.0, 43595.0, 56909.0, 71742.0, 87138.0, 102700.0, 115700.0, 124798.0, 126299.0, 123684.0, 111806.0, 96807.0, 79591.0, 62286.0, 46867.0, 33092.0, 22990.0, 15482.0, 10424.0, 7087.0, 4968.0, 3341.0, 2191.0, 1490.0, 1132.0, 938.0, 719.0, 633.0, 457.0, 401.0, 300.0, 218.0, 153.0, 73.0, 73.0, 34.0, 25.0, 9.0, 5.0, 6.0, 5.0, 1.0], "bins": [-3.117523431777954, -3.012298822402954, -2.907073974609375, -2.801849365234375, -2.696624755859375, -2.591400146484375, -2.486175537109375, -2.380950689315796, -2.275726079940796, -2.170501470565796, -2.065276622772217, -1.9600520133972168, -1.8548274040222168, -1.7496027946472168, -1.6443780660629272, -1.5391533374786377, -1.4339287281036377, -1.3287041187286377, -1.2234793901443481, -1.1182546615600586, -1.0130300521850586, -0.9078054428100586, -0.8025805950164795, -0.6973559856414795, -0.5921313762664795, -0.4869067668914795, -0.3816821575164795, -0.2764573097229004, -0.1712327003479004, -0.06600809097290039, 0.03921675682067871, 0.1444413661956787, 0.2496659755706787, 0.3548905849456787, 0.4601151943206787, 0.5653400421142578, 0.6705646514892578, 0.7757892608642578, 0.8810141086578369, 0.9862387180328369, 1.091463327407837, 1.196687936782837, 1.301912546157837, 1.407137393951416, 1.512362003326416, 1.617586612701416, 1.7228113412857056, 1.8280360698699951, 1.9332606792449951, 2.038485288619995, 2.143710136413574, 2.248934745788574, 2.354159355163574, 2.459383964538574, 2.564608573913574, 2.6698334217071533, 2.7750580310821533, 2.8802826404571533, 2.9855074882507324, 3.0907320976257324, 3.1959567070007324, 3.3011813163757324, 3.4064059257507324, 3.5116307735443115, 3.6168553829193115]}, "gradients/context_embeddings.weight": {"_type": "histogram", "values": [1.0, 0.0, 1.0, 0.0, 0.0, 1.0, 0.0, 0.0, 1.0, 3.0, 2.0, 3.0, 2.0, 4.0, 1.0, 6.0, 12.0, 11.0, 17.0, 25.0, 43.0, 64.0, 79.0, 116.0, 183.0, 313.0, 534.0, 923.0, 1635.0, 2815.0, 5209.0, 10341.0, 28105.0, 1361363.0, 26246.0, 10165.0, 5144.0, 3095.0, 1743.0, 1056.0, 587.0, 331.0, 194.0, 140.0, 80.0, 72.0, 39.0, 14.0, 12.0, 16.0, 15.0, 8.0, 7.0, 4.0, 4.0, 5.0, 1.0, 3.0, 4.0, 0.0, 1.0, 0.0, 0.0, 1.0], "bins": [-0.0003411289071664214, -0.0003309482126496732, -0.00032076751813292503, -0.0003105868527200073, -0.0003004061582032591, -0.0002902254636865109, -0.0002800447982735932, -0.000269864103756845, -0.0002596834092400968, -0.0002495027147233486, -0.00023932203475851566, -0.0002291413547936827, -0.0002189606602769345, -0.00020877996576018631, -0.00019859928579535335, -0.0001884186058305204, -0.0001782379113137722, -0.000168057216797024, -0.00015787653683219105, -0.0001476958568673581, -0.0001375151623506099, -0.0001273344678338617, -0.00011715378786902875, -0.00010697310790419579, -9.67924133874476e-05, -8.66117188706994e-05, -7.643102435395122e-05, -6.625035894103348e-05, -5.606966442428529e-05, -4.58889699075371e-05, -3.570830449461937e-05, -2.552760997787118e-05, -1.534691546112299e-05, -5.1662209443748e-06, 5.01447357237339e-06, 1.5195138985291123e-05, 2.5375833502039313e-05, 3.55565280187875e-05, 4.5737193431705236e-05, 5.5917887948453426e-05, 6.609858246520162e-05, 7.62792769819498e-05, 8.645995694678277e-05, 9.664063691161573e-05, 0.00010682133142836392, 0.00011700202594511211, 0.00012718270590994507, 0.00013736338587477803, 0.00014754408039152622, 0.0001577247749082744, 0.00016790545487310737, 0.00017808613483794034, 0.00018826682935468853, 0.00019844752387143672, 0.00020862820383626968, 0.00021880888380110264, 0.00022898957831785083, 0.00023917027283459902, 0.0002493509673513472, 0.00025953163276426494, 0.00026971232728101313, 0.0002798930217977613, 0.00029007368721067905, 0.00030025438172742724, 0.00031043507624417543]}, "gradients/target_embeddings.weight": {"_type": "histogram", "values": [1.0, 0.0, 0.0, 0.0, 0.0, 2.0, 0.0, 0.0, 1.0, 0.0, 0.0, 1.0, 2.0, 0.0, 4.0, 0.0, 2.0, 2.0, 6.0, 8.0, 12.0, 13.0, 8.0, 34.0, 31.0, 51.0, 72.0, 99.0, 119.0, 200.0, 270.0, 469.0, 753.0, 1279.0, 2014.0, 3048.0, 4078.0, 1435366.0, 4234.0, 3192.0, 2050.0, 1256.0, 809.0, 449.0, 258.0, 199.0, 126.0, 82.0, 39.0, 36.0, 37.0, 17.0, 20.0, 13.0, 8.0, 11.0, 5.0, 3.0, 3.0, 1.0, 2.0, 3.0, 1.0, 1.0], "bins": [-0.0004611590120475739, -0.00044886284740641713, -0.0004365667118690908, -0.000424270547227934, -0.00041197441169060767, -0.0003996782470494509, -0.00038738211151212454, -0.00037508594687096775, -0.00036278978222981095, -0.0003504936466924846, -0.0003381975111551583, -0.0003259013465140015, -0.0003136051818728447, -0.00030130904633551836, -0.00028901288169436157, -0.0002767167170532048, -0.00026442058151587844, -0.0002521244459785521, -0.0002398282813373953, -0.00022753213124815375, -0.00021523598115891218, -0.0002029398165177554, -0.00019064368098042905, -0.00017834751633927226, -0.00016605135169811547, -0.00015375521616078913, -0.00014145905151963234, -0.000129162915982306, -0.00011686675134114921, -0.00010457061580382288, -9.227445116266608e-05, -7.997831562533975e-05, -6.76821218803525e-05, -5.5385957239195704e-05, -4.308982170186937e-05, -3.0793657060712576e-05, -1.849752152338624e-05, -6.201356882229447e-06, 6.0947786550968885e-06, 1.839094329625368e-05, 3.068707883358002e-05, 4.298324347473681e-05, 5.52794081158936e-05, 6.757554365321994e-05, 7.987170829437673e-05, 9.21678583836183e-05, 0.00010446400847285986, 0.00011676015856210142, 0.000129056308651343, 0.00014135245874058455, 0.00015364860882982612, 0.00016594475891906768, 0.00017824090900830925, 0.00019053707364946604, 0.0002028332237387076, 0.00021512937382794917, 0.00022742552391719073, 0.0002397216740064323, 0.00025201780954375863, 0.0002643139741849154, 0.0002766101388260722, 0.00028890627436339855, 0.00030120243900455534, 0.0003134985745418817, 0.0003257947391830385]}, "_wandb": {"runtime": 1454}}