{"loss": 0.34132237111524594, "f1_score": 0.8746648793565683, "_timestamp": 1709639037.8027759, "_runtime": 3717.7342908382416, "_step": 319}