{"Cumulative Loss": 0.6661986243724823, "_timestamp": 1709302261.3885942, "_runtime": 11.583262205123901, "_step": 3882, "_wandb": {"runtime": 10}}