{"loss": 0.0019325045347213744, "f1_score": 0.6651983848900457, "_timestamp": 1709420113.7454493, "_runtime": 20.491279363632202, "_step": 4}