{"loss": 0.14068731635808945, "f1_score": 0.6651983848900457, "_timestamp": 1709419976.8392122, "_runtime": 13.719549179077148, "_step": 2, "_wandb": {"runtime": 15}}