{"Cumulative Loss": 0.6664113986492157, "_timestamp": 1709329831.868161, "_runtime": 79.37137007713318, "_step": 1200, "_wandb": {"runtime": 80}}