{"Cumulative Loss": 0.572053598165512, "_timestamp": 1709329002.7174673, "_runtime": 1104.336885213852, "_step": 39500, "_wandb": {"runtime": 1103}}