{"loss": 0.6448547792434692, "f1_score": 0.736798379978192, "_timestamp": 1709614413.6848855, "_runtime": 124.08973860740662, "_step": 15}