{"loss": 0.5333949066884816, "f1_score": 0.782838613120479, "_timestamp": 1709598348.390651, "_runtime": 3913.3899219036102, "_step": 319, "_wandb": {"runtime": 3829}}