{"Cumulative Loss": 0.4294488143920898, "_timestamp": 1709524662.8993907, "_runtime": 63.45178771018982, "_step": 17, "parameters/graph_1target_embeddings.weight": {"_type": "histogram", "values": [1.0, 0.0, 0.0, 2.0, 0.0, 0.0, 0.0, 1.0, 0.0, 1.0, 0.0, 0.0, 4.0, 19.0, 72.0, 159.0, 388.0, 974.0, 2275.0, 4270.0, 8955.0, 12507.0, 16988.0, 20789.0, 25964.0, 29866.0, 36350.0, 42942.0, 52746.0, 72381.0, 93806.0, 130374.0, 140450.0, 57176.0, 12400.0, 8672.0, 57294.0, 132209.0, 117598.0, 84964.0, 65658.0, 48076.0, 39135.0, 33024.0, 27158.0, 23607.0, 19109.0, 15651.0, 11674.0, 8180.0, 3803.0, 1916.0, 719.0, 297.0, 122.0, 64.0, 8.0, 0.0, 0.0, 0.0, 1.0, 0.0, 0.0, 1.0], "bins": [-0.6473839282989502, -0.62887042760849, -0.6103569269180298, -0.5918433666229248, -0.5733298659324646, -0.5548163652420044, -0.5363028645515442, -0.517789363861084, -0.4992758333683014, -0.4807623028755188, -0.4622488021850586, -0.4437353014945984, -0.4252218008041382, -0.4067082703113556, -0.3881947696208954, -0.3696812391281128, -0.3511677384376526, -0.3326542377471924, -0.3141407072544098, -0.2956272065639496, -0.277113676071167, -0.2586001753807068, -0.24008667469024658, -0.221573144197464, -0.20305964350700378, -0.18454614281654358, -0.166032612323761, -0.14751911163330078, -0.12900561094284058, -0.11049211025238037, -0.09197854995727539, -0.07346504926681519, -0.054951488971710205, -0.03643798828125, -0.017924487590789795, 0.0005890727043151855, 0.01910257339477539, 0.037616074085235596, 0.0561295747756958, 0.0746431052684784, 0.0931566059589386, 0.1116701066493988, 0.1301836371421814, 0.1486971378326416, 0.1672106385231018, 0.1857241690158844, 0.2042376697063446, 0.2227512001991272, 0.2412647008895874, 0.2597782015800476, 0.2782917320728302, 0.2968052327632904, 0.315318763256073, 0.3338322639465332, 0.3523457646369934, 0.3708592653274536, 0.3893727958202362, 0.4078863263130188, 0.426399827003479, 0.4449133276939392, 0.4634268283843994, 0.481940358877182, 0.5004538893699646, 0.5189673900604248, 0.537480890750885]}, "parameters/graph_1context_embeddings.weight": {"_type": "histogram", "values": [1.0, 870.0, 2257.0, 194.0, 120.0, 40.0, 1.0, 74.0, 26.0, 26.0, 26.0, 143.0, 761.0, 3853.0, 15008.0, 32498.0, 61646.0, 88746.0, 109474.0, 110304.0, 99427.0, 76303.0, 50746.0, 28228.0, 13351.0, 5435.0, 2058.0, 1350.0, 3014.0, 7478.0, 17321.0, 36079.0, 59677.0, 89847.0, 110953.0, 121896.0, 113521.0, 89758.0, 58653.0, 29295.0, 12795.0, 2871.0, 642.0, 108.0, 2.0, 27.0, 28.0, 85.0, 29.0, 53.0, 105.0, 278.0, 3141.0, 172.0, 1.0, 1.0, 2.0, 0.0, 0.0, 1.0, 0.0, 0.0, 0.0, 1.0], "bins": [-0.4987007677555084, -0.4804864823818207, -0.46227219700813293, -0.4440578818321228, -0.42584359645843506, -0.4076293110847473, -0.38941502571105957, -0.3712007403373718, -0.3529864549636841, -0.33477216958999634, -0.3165578544139862, -0.29834356904029846, -0.2801292836666107, -0.2619149684906006, -0.24370068311691284, -0.2254863977432251, -0.20727211236953735, -0.1890578269958496, -0.17084354162216187, -0.15262922644615173, -0.134414941072464, -0.11620065569877625, -0.0979863703250885, -0.07977208495140076, -0.06155779957771301, -0.04334348440170288, -0.025129199028015137, -0.006914913654327393, 0.01129940152168274, 0.029513686895370483, 0.04772797226905823, 0.06594225764274597, 0.08415651321411133, 0.10237079858779907, 0.12058508396148682, 0.13879936933517456, 0.1570136547088623, 0.17522796988487244, 0.19344225525856018, 0.21165654063224792, 0.22987085580825806, 0.2480851411819458, 0.26629942655563354, 0.2845137119293213, 0.30272799730300903, 0.3209422826766968, 0.3391565978527069, 0.35737088322639465, 0.3755851686000824, 0.39379945397377014, 0.4120137393474579, 0.430228054523468, 0.44844233989715576, 0.4666566252708435, 0.48487091064453125, 0.503085196018219, 0.5212994813919067, 0.5395137667655945, 0.5577280521392822, 0.5759423971176147, 0.5941566824913025, 0.6123709678649902, 0.630585253238678, 0.6487995386123657, 0.6670138239860535]}, "gradients/graph_1context_embeddings.weight": {"_type": "histogram", "values": [1.0, 1.0, 18.0, 25.0, 3.0, 5.0, 21.0, 16.0, 34.0, 14.0, 16.0, 29.0, 50.0, 50.0, 110.0, 160.0, 226.0, 140.0, 255.0, 443.0, 434.0, 556.0, 1152.0, 1550.0, 3079.0, 5416.0, 11907.0, 40781.0, 134480.0, 1153356.0, 59199.0, 28197.0, 7867.0, 4334.0, 2317.0, 1355.0, 744.0, 522.0, 530.0, 356.0, 171.0, 217.0, 165.0, 150.0, 81.0, 49.0, 48.0, 18.0, 16.0, 15.0, 42.0, 2.0, 25.0, 0.0, 7.0, 30.0, 8.0, 3.0, 2.0, 1.0, 0.0, 0.0, 0.0, 1.0], "bins": [-6.67496133246459e-05, -6.447042687796056e-05, -6.219124043127522e-05, -5.991205034661107e-05, -5.7632863899925724e-05, -5.535367381526157e-05, -5.307448736857623e-05, -5.0795300921890885e-05, -4.851611447520554e-05, -4.623692439054139e-05, -4.3957737943856046e-05, -4.1678547859191895e-05, -3.939936141250655e-05, -3.7120174965821207e-05, -3.484098851913586e-05, -3.256179843447171e-05, -3.0282611987786368e-05, -2.8003425541101024e-05, -2.5724235456436872e-05, -2.344504900975153e-05, -2.1165862563066185e-05, -1.8886672478402033e-05, -1.660748603171669e-05, -1.4328299585031345e-05, -1.2049109500367194e-05, -9.76992305368185e-06, -7.4907366069965065e-06, -5.2115501603111625e-06, -2.9323637136258185e-06, -6.531699909828603e-07, 1.6260164557024837e-06, 3.905202902387828e-06, 6.184389349073172e-06, 8.463575795758516e-06, 1.074276224244386e-05, 1.3021948689129204e-05, 1.5301142411772162e-05, 1.7580328858457506e-05, 1.985951530514285e-05, 2.2138701751828194e-05, 2.4417888198513538e-05, 2.669707828317769e-05, 2.8976264729863033e-05, 3.125545117654838e-05, 3.353464126121253e-05, 3.581382770789787e-05, 3.8093014154583216e-05, 4.037220423924737e-05, 4.265139068593271e-05, 4.4930577132618055e-05, 4.7209767217282206e-05, 4.948895366396755e-05, 5.1768140110652894e-05, 5.404732655733824e-05, 5.632651664200239e-05, 5.860570308868773e-05, 6.0884893173351884e-05, 6.316407962003723e-05, 6.544326606672257e-05, 6.772245251340792e-05, 7.000163896009326e-05, 7.228083268273622e-05, 7.456001912942156e-05, 7.68392055761069e-05, 7.911839202279225e-05]}, "gradients/graph_1target_embeddings.weight": {"_type": "histogram", "values": [2.0, 1.0, 3.0, 1.0, 2.0, 8.0, 6.0, 4.0, 0.0, 0.0, 0.0, 52.0, 3.0, 30.0, 19.0, 78.0, 81.0, 102.0, 53.0, 128.0, 159.0, 258.0, 424.0, 364.0, 412.0, 591.0, 999.0, 1474.0, 2658.0, 4057.0, 6164.0, 8285.0, 9195.0, 1392762.0, 8915.0, 8063.0, 4952.0, 3716.0, 2093.0, 1229.0, 842.0, 510.0, 420.0, 416.0, 337.0, 214.0, 153.0, 107.0, 77.0, 103.0, 104.0, 47.0, 34.0, 8.0, 27.0, 29.0, 1.0, 1.0, 2.0, 12.0, 7.0, 1.0, 1.0, 4.0],