{"loss": 0.5994931814074517, "f1_score": 0.8277095860458182, "_timestamp": 1709590887.4388368, "_runtime": 326.1638617515564, "_step": 153, "_wandb": {"runtime": 325}}