{"Cumulative Loss": 0.6665304237604142, "_timestamp": 1709326476.6920164, "_runtime": 87.82520031929016, "_step": 1200, "_wandb": {"runtime": 89}}