{"Cumulative Loss": 0.4358643007278442, "_timestamp": 1709539955.4622452, "_runtime": 39.19885325431824, "_step": 18, "parameters/target_embeddings.weight": {"_type": "histogram", "values": [22.0, 75.0, 62.0, 80.0, 157.0, 387.0, 863.0, 1643.0, 1682.0, 1924.0, 2571.0, 2889.0, 3616.0, 4070.0, 4113.0, 5866.0, 5520.0, 7160.0, 7448.0, 8938.0, 9962.0, 13394.0, 15790.0, 19404.0, 22919.0, 30637.0, 40613.0, 54338.0, 75713.0, 99239.0, 178832.0, 644882.0, 48595.0, 223321.0, 105899.0, 83468.0, 59914.0, 46239.0, 34123.0, 26496.0, 21898.0, 18603.0, 14867.0, 11250.0, 10723.0, 8195.0, 8374.0, 6309.0, 6566.0, 4899.0, 4741.0, 4001.0, 3394.0, 2949.0, 2279.0, 1801.0, 2003.0, 830.0, 407.0, 146.0, 92.0, 56.0, 91.0, 12.0], "bins": [-0.4028175473213196, -0.39020058512687683, -0.3775835931301117, -0.36496663093566895, -0.3523496687412262, -0.33973270654678345, -0.3271157145500183, -0.31449875235557556, -0.3018817901611328, -0.2892647981643677, -0.2766478359699249, -0.2640308737754822, -0.25141388177871704, -0.2387969195842743, -0.22617994248867035, -0.2135629802942276, -0.20094600319862366, -0.18832902610301971, -0.17571206390857697, -0.16309508681297302, -0.15047812461853027, -0.13786113262176514, -0.1252441704273224, -0.11262720823287964, -0.1000102162361145, -0.08739325404167175, -0.074776291847229, -0.062159329652786255, -0.04954233765602112, -0.03692537546157837, -0.02430841326713562, -0.011691421270370483, 0.0009255409240722656, 0.013542503118515015, 0.02615949511528015, 0.0387764573097229, 0.05139341950416565, 0.06401041150093079, 0.07662737369537354, 0.08924433588981628, 0.10186129808425903, 0.11447829008102417, 0.12709525227546692, 0.13971221446990967, 0.1523292064666748, 0.16494616866111755, 0.1775631457567215, 0.19018010795116425, 0.2027970850467682, 0.21541406214237213, 0.22803102433681488, 0.24064800143241882, 0.2532649636268616, 0.2658819556236267, 0.27849891781806946, 0.2911158800125122, 0.30373287200927734, 0.3163498342037201, 0.32896679639816284, 0.341583788394928, 0.3542007505893707, 0.3668177127838135, 0.3794346749782562, 0.39205166697502136, 0.4046686291694641]}, "parameters/context_embeddings.weight": {"_type": "histogram", "values": [1010.0, 1488.0, 751.0, 200.0, 245.0, 353.0, 219.0, 216.0, 167.0, 120.0, 125.0, 321.0, 415.0, 339.0, 498.0, 600.0, 872.0, 1966.0, 6509.0, 19260.0, 41849.0, 84467.0, 124233.0, 153708.0, 161383.0, 141880.0, 111786.0, 76672.0, 57833.0, 43086.0, 30851.0, 34414.0, 13564.0, 32208.0, 40849.0, 51774.0, 66379.0, 96625.0, 121858.0, 137715.0, 130150.0, 104470.0, 69939.0, 34811.0, 15555.0, 5283.0, 1581.0, 761.0, 529.0, 395.0, 286.0, 359.0, 260.0, 120.0, 84.0, 152.0, 175.0, 185.0, 302.0, 209.0, 181.0, 649.0, 1295.0, 811.0], "bins": [-0.503459095954895, -0.487714946269989, -0.4719708263874054, -0.4562266767024994, -0.44048255681991577, -0.42473840713500977, -0.40899425745010376, -0.39325010776519775, -0.37750598788261414, -0.3617618680000305, -0.3460177183151245, -0.3302735686302185, -0.3145294189453125, -0.2987852990627289, -0.2830411493778229, -0.26729702949523926, -0.25155287981033325, -0.23580873012542725, -0.22006461024284363, -0.20432046055793762, -0.188576340675354, -0.172832190990448, -0.157088041305542, -0.14134392142295837, -0.12559977173805237, -0.10985562205314636, -0.09411150217056274, -0.07836735248565674, -0.06262320280075073, -0.046879082918167114, -0.03113493323326111, -0.01539081335067749, 0.0003533363342285156, 0.01609748601913452, 0.03184160590171814, 0.047585755586624146, 0.06332987546920776, 0.07907402515411377, 0.09481817483901978, 0.1105622947216034, 0.1263064444065094, 0.1420505940914154, 0.15779471397399902, 0.17353886365890503, 0.18928301334381104, 0.20502713322639465, 0.22077128291130066, 0.23651540279388428, 0.2522595524787903, 0.2680037021636963, 0.2837478220462799, 0.2994919717311859, 0.31523609161376953, 0.33098024129867554, 0.34672439098358154, 0.36246854066848755, 0.37821266055107117, 0.3939567804336548, 0.4097009301185608, 0.4254450798034668, 0.4411892294883728, 0.4569333493709564, 0.4726774990558624, 0.48842161893844604, 0.504165768623352]}, "gradients/context_embeddings.weight": {"_type": "histogram", "values": [8.0, 11.0, 4.0, 4.0, 23.0, 0.0, 0.0, 0.0, 2.0, 21.0, 0.0, 0.0, 56.0, 32.0, 107.0, 113.0, 77.0, 145.0, 123.0, 96.0, 251.0, 287.0, 450.0, 606.0, 1177.0, 1357.0, 2752.0, 6031.0, 9603.0, 11258.0, 19877.0, 62159.0, 1842097.0, 33159.0, 11965.0, 9293.0, 6108.0, 2959.0, 1506.0, 1078.0, 737.0, 445.0, 327.0, 250.0, 101.0, 111.0, 134.0, 99.0, 77.0, 110.0, 29.0, 55.0, 3.0, 0.0, 27.0, 0.0, 0.0, 0.0, 0.0, 15.0, 7.0, 1.0, 15.0, 12.0], "bins": [-0.00013966314145363867, -0.00013531206059269607, -0.00013096096517983824, -0.00012660988431889564, -0.0001222587889060378, -0.0001179077080450952, -0.00011355661990819499, -0.00010920553177129477, -0.00010485445091035217, -0.00010050335549749434, -9.615227463655174e-05, -9.180118649965152e-05, -8.74500983627513e-05, -8.30990175018087e-05, -7.874792208895087e-05, -7.439684122800827e-05, -7.004575309110805e-05, -6.569466495420784e-05, -6.134357681730762e-05, -5.699249595636502e-05, -5.26414078194648e-05, -4.8290319682564586e-05, -4.393923154566437e-05, -3.9588143408764154e-05, -3.523705527186394e-05, -3.0885974410921335e-05, -2.653488627402112e-05, -2.2183798137120903e-05, -1.7832710000220686e-05, -1.348162186332047e-05, -9.130541002377868e-06, -4.779445589520037e-06, -4.28364728577435e-07, 3.922716132365167e-06, 8.273811545222998e-06, 1.26248924061656e-05, 1.6975980543065816e-05, 2.1327068679966033e-05, 2.567815681686625e-05, 3.0029244953766465e-05, 3.438032581470907e-05, 3.8731413951609284e-05, 4.30825020885095e-05, 4.7433590225409716e-05, 5.178467836230993e-05, 5.613576649921015e-05, 6.048684736015275e-05, 6.483793549705297e-05, 6.918902363395318e-05, 7.35401117708534e-05, 7.7891192631796e-05, 8.224228804465383e-05, 8.659336890559644e-05, 9.094445704249665e-05, 9.529554517939687e-05, 9.964662604033947e-05, 0.0001039977214531973, 0.0001083488023141399, 0.00011269989045104012, 0.00011705097858794034, 0.00012140206672484055, 0.00012575315486174077, 0.00013010423572268337, 0.0001344553311355412, 0.0001388064119964838]}, "gradients/target_embeddings.weight": {"_type": "histogram", "values": [37.0, 17.0, 27.0, 0.0, 0.0, 0.0, 26.0, 55.0, 0.0, 56.0, 46.0, 29.0, 60.0, 48.0, 39.0, 42.0, 31.0, 176.0, 40.0, 128.0, 113.0, 258.0, 282.0, 276.0, 397.0, 523.0, 748.0, 1141.0, 1679.0, 2324.0, 3153.0, 2001906.0, 2969.0, 2972.0, 2114.0, 1493.0, 1011.0, 690.0, 505.0, 378.0, 240.0, 254.0, 244.0, 84.0, 110.0, 49.0, 136.0, 25.0, 46.0, 24.0, 45.0, 47.0, 30.0, 42.0, 47.0, 1.0, 53.0, 15.0, 0.0, 0.0, 0.0, 23.0, 18.0, 28.0],