{"parameters/graph_1target_embeddings.weight": {"_type": "histogram", "values": [1.0, 0.0, 1.0, 0.0, 1.0, 1.0, 4.0, 4.0, 3.0, 8.0, 11.0, 7.0, 16.0, 24.0, 19.0, 38.0, 69.0, 95.0, 132.0, 192.0, 372.0, 632.0, 1401.0, 3313.0, 7817.0, 17058.0, 34098.0, 58391.0, 85791.0, 107123.0, 131255.0, 168590.0, 286896.0, 837680.0, 12000.0, 446114.0, 175993.0, 99606.0, 75529.0, 61374.0, 50272.0, 35504.0, 21259.0, 11084.0, 4861.0, 1991.0, 897.0, 341.0, 170.0, 101.0, 69.0, 48.0, 27.0, 29.0, 16.0, 7.0, 7.0, 4.0, 2.0, 1.0, 0.0, 0.0, 0.0, 1.0], "bins": [-1.2056223154067993, -1.1707409620285034, -1.1358596086502075, -1.1009782552719116, -1.0660970211029053, -1.0312156677246094, -0.9963343143463135, -0.9614529609680176, -0.9265716075897217, -0.8916902542114258, -0.8568089008331299, -0.8219276070594788, -0.7870462536811829, -0.752164900302887, -0.7172836065292358, -0.6824022531509399, -0.647520899772644, -0.6126395463943481, -0.5777581930160522, -0.5428768992424011, -0.5079955458641052, -0.4731141924858093, -0.4382328987121582, -0.4033515453338623, -0.3684701919555664, -0.3335888385772705, -0.2987074851989746, -0.2638261914253235, -0.2289448380470276, -0.19406354427337646, -0.15918219089508057, -0.12430083751678467, -0.08941936492919922, -0.05453801155090332, -0.019656658172607422, 0.015224695205688477, 0.0501059889793396, 0.0849873423576355, 0.11986863613128662, 0.15474998950958252, 0.18963134288787842, 0.22451269626617432, 0.2593940496444702, 0.29427534341812134, 0.32915669679641724, 0.36403805017471313, 0.39891934394836426, 0.43380069732666016, 0.46868205070495605, 0.503563404083252, 0.5384447574615479, 0.573326051235199, 0.6082074046134949, 0.6430887579917908, 0.6779700517654419, 0.7128514051437378, 0.7477327585220337, 0.7826141119003296, 0.8174954652786255, 0.8523767590522766, 0.8872581124305725, 0.9221394658088684, 0.9570207595825195, 0.9919021129608154, 1.0267834663391113]}, "_timestamp": 1709597968.4830005, "parameters/graph_1context_embeddings.weight": {"_type": "histogram", "values": [18.0, 63.0, 63.0, 42.0, 52.0, 63.0, 135.0, 101.0, 161.0, 223.0, 254.0, 219.0, 153.0, 288.0, 197.0, 180.0, 41.0, 105.0, 141.0, 216.0, 164.0, 248.0, 252.0, 525.0, 987.0, 1689.0, 3135.0, 3039.0, 33400.0, 294896.0, 536874.0, 199291.0, 158344.0, 849020.0, 561607.0, 68930.0, 5911.0, 5500.0, 3018.0, 1748.0, 972.0, 494.0, 413.0, 348.0, 371.0, 267.0, 169.0, 70.0, 329.0, 345.0, 527.0, 260.0, 382.0, 452.0, 412.0, 268.0, 193.0, 240.0, 106.0, 99.0, 84.0, 103.0, 121.0, 32.0], "bins": [-2.737555742263794, -2.6520755290985107, -2.5665953159332275, -2.4811148643493652, -2.395634651184082, -2.310154438018799, -2.2246742248535156, -2.1391940116882324, -2.053713798522949, -1.968233346939087, -1.8827531337738037, -1.7972729206085205, -1.7117927074432373, -1.6263123750686646, -1.5408321619033813, -1.4553518295288086, -1.3698716163635254, -1.2843914031982422, -1.1989110708236694, -1.1134308576583862, -1.0279505252838135, -0.9424703121185303, -0.8569900989532471, -0.7715097665786743, -0.6860296726226807, -0.6005492210388184, -0.5150690078735352, -0.42958879470825195, -0.34410858154296875, -0.25862836837768555, -0.17314791679382324, -0.08766770362854004, -0.002187490463256836, 0.08329272270202637, 0.16877293586730957, 0.2542533874511719, 0.3397336006164551, 0.4252138137817383, 0.5106940269470215, 0.5961742401123047, 0.681654691696167, 0.7671347856521606, 0.8526151180267334, 0.9380953311920166, 1.0235755443572998, 1.1090558767318726, 1.1945360898971558, 1.2800164222717285, 1.3654966354370117, 1.450976848602295, 1.5364571809768677, 1.6219373941421509, 1.7074177265167236, 1.7928979396820068, 1.87837815284729, 1.9638583660125732, 2.0493388175964355, 2.1348190307617188, 2.220299243927002, 2.305779457092285, 2.3912596702575684, 2.4767398834228516, 2.562220335006714, 2.647700548171997, 2.7331807613372803]}, "gradients/graph_1context_embeddings.weight": {"_type": "histogram", "values": [1.0, 0.0, 0.0, 1.0, 0.0, 0.0, 0.0, 2.0, 3.0, 0.0, 2.0, 0.0, 6.0, 4.0, 5.0, 7.0, 6.0, 9.0, 4.0, 11.0, 16.0, 14.0, 35.0, 60.0, 83.0, 108.0, 258.0, 354.0, 559.0, 964.0, 1916.0, 3965.0, 11019.0, 23246.0, 2598262.0, 59120.0, 18904.0, 10654.0, 3837.0, 1998.0, 1111.0, 659.0, 404.0, 264.0, 127.0, 108.0, 77.0, 33.0, 29.0, 23.0, 17.0, 2.0, 13.0, 8.0, 15.0, 11.0, 4.0, 3.0, 5.0, 2.0, 0.0, 0.0, 1.0, 1.0], "bins": [-0.00028005888452753425, -0.00027202637284062803, -0.0002639938611537218, -0.00025596137857064605, -0.00024792886688373983, -0.0002398963551968336, -0.0002318638435099274, -0.00022383133182302117, -0.00021579883468803018, -0.0002077663375530392, -0.00019973382586613297, -0.00019170131417922676, -0.00018366880249232054, -0.00017563630535732955, -0.00016760379367042333, -0.00015957129653543234, -0.00015153878484852612, -0.0001435062731616199, -0.0001354737760266289, -0.0001274412643397227, -0.0001194087672047317, -0.00011137625551782548, -0.00010334374383091927, -9.531124669592828e-05, -8.727873500902206e-05, -7.924622332211584e-05, -7.121372618712485e-05, -6.318121450021863e-05, -5.514870281331241e-05, -4.711620567832142e-05, -3.90836939914152e-05, -3.105119685642421e-05, -2.301871427334845e-05, -1.4986202586442232e-05, -6.953705451451242e-06, 1.0788062354549766e-06, 9.111303370445967e-06, 1.7143815057352185e-05, 2.5176326744258404e-05, 3.3208823879249394e-05, 4.124133556615561e-05, 4.927384725306183e-05, 5.730634438805282e-05, 6.533885607495904e-05, 7.337136776186526e-05, 8.140386489685625e-05, 8.943637658376247e-05, 9.746887371875346e-05, 0.00010550138540565968, 0.00011353388981660828, 0.00012156639422755688, 0.0001295989059144631, 0.0001376314030494541, 0.0001456639147363603, 0.00015369642642326653, 0.00016172893811017275, 0.00016976143524516374, 0.00017779393238015473, 0.00018582644406706095, 0.00019385895575396717, 0.00020189146744087338, 0.00020992396457586437, 0.0002179564762627706, 0.00022598897339776158, 0.0002340214850846678]}, "gradients/graph_1target_embeddings.weight": {"_type": "histogram", "values": [1.0, 1.0, 3.0, 4.0, 4.0, 3.0, 4.0, 3.0, 6.0, 10.0, 8.0, 8.0, 14.0, 18.0, 13.0, 23.0, 33.0, 45.0, 63.0, 71.0, 91.0, 125.0, 183.0, 274.0, 386.0, 567.0, 820.0, 1282.0, 1866.0, 2567.0, 2985.0, 2711265.0, 3535.0, 3156.0, 2733.0, 1977.0, 1348.0, 824.0, 575.0, 421.0, 292.0, 182.0, 102.0, 107.0, 89.0, 50.0, 37.0, 31.0, 18.0, 17.0, 17.0, 15.0, 7.0, 12.0, 15.0, 9.0, 2.0, 5.0, 6.0, 6.0, 4.0, 5.0, 5.0, 2.0], "bins": [-9.165990195469931e-05, -8.879427332431078e-05, -8.592865196987987e-05, -8.306302333949134e-05, -8.019739470910281e-05, -7.73317733546719e-05, -7.446614472428337e-05, -7.160051609389484e-05, -6.873489473946393e-05, -6.58692661090754e-05, -6.300363747868687e-05, -6.013801248627715e-05, -5.727238749386743e-05, -5.44067588634789e-05, -5.154113387106918e-05, -4.867550524068065e-05, -4.580988024827093e-05, -4.294425525586121e-05, -4.007862662547268e-05, -3.721300163306296e-05, -3.434737300267443e-05, -3.148174801026471e-05, -2.861612301785499e-05, -2.575049438746646e-05, -2.2884873033035547e-05, -2.001924440264702e-05, -1.715361577225849e-05, -1.4287987141869962e-05, -1.1422365787439048e-05, -8.55673715705052e-06, -5.691108526661992e-06, -2.825487172231078e-06, 4.013418219983578e-08, 2.905762812588364e-06, 5.771384167019278e-06, 8.637012797407806e-06, 1.1502641427796334e-05, 1.4368262782227248e-05, 1.7233891412615776e-05, 2.0099520043004304e-05, 2.2965148673392832e-05, 2.5830770027823746e-05, 2.8696398658212274e-05, 3.1562023650621995e-05, 3.4427648643031716e-05, 3.7293277273420244e-05, 4.0158902265829965e-05, 4.3024530896218494e-05, 4.5890155888628215e-05, 4.8755780881037936e-05, 5.1621409511426464e-05, 5.4487034503836185e-05, 5.735266313422471e-05, 6.0218288126634434e-05, 6.308391311904415e-05, 6.594954174943268e-05, 6.88151631038636e-05, 7.168079173425213e-05, 7.454642036464065e-05, 7.741204171907157e-05, 8.02776703494601e-05, 8.314329897984862e-05, 8.600892761023715e-05, 8.887454896466807e-05, 9.17401775950566e-05]}, "Cumulative Loss": 0.4253604689836502, "_runtime": 2978.865516424179, "_step": 20, "_wandb": {"runtime": 2985}}