{"loss": 0.35821290308004244, "f1_score": 0.8483197093551317, "_timestamp": 1709603195.03471, "_runtime": 3299.571758031845, "_step": 319, "_wandb": {"runtime": 3298}}