{"loss": 0.29640880036385897, "f1_score": 0.8769215608986992, "_timestamp": 1709638767.2591634, "_runtime": 3439.995902299881, "_step": 319}