{"parameters/graph_2target_embeddings.weight": {"_type": "histogram", "values": [24.0, 24.0, 48.0, 216.0, 355.0, 791.0, 1062.0, 1872.0, 1869.0, 2355.0, 2146.0, 2678.0, 3024.0, 3574.0, 3707.0, 4359.0, 4872.0, 5733.0, 6265.0, 7224.0, 8520.0, 10043.0, 14117.0, 16030.0, 21281.0, 26654.0, 38918.0, 50999.0, 81950.0, 135786.0, 294284.0, 222348.0, 240622.0, 318972.0, 147117.0, 88831.0, 55244.0, 42181.0, 28879.0, 23050.0, 17334.0, 15317.0, 10895.0, 9231.0, 7827.0, 6786.0, 6212.0, 5278.0, 4713.0, 4025.0, 3872.0, 3276.0, 2896.0, 2330.0, 2550.0, 2026.0, 2028.0, 1144.0, 860.0, 388.0, 234.0, 52.0, 26.0, 26.0], "bins": [-0.3778025507926941, -0.3659963309764862, -0.35419008135795593, -0.34238386154174805, -0.3305776119232178, -0.3187713921070099, -0.306965172290802, -0.29515892267227173, -0.28335267305374146, -0.27154645323753357, -0.2597402334213257, -0.2479339838027954, -0.23612776398658752, -0.22432152926921844, -0.21251529455184937, -0.20070905983448029, -0.1889028251171112, -0.17709659039974213, -0.16529035568237305, -0.15348412096500397, -0.1416778862476349, -0.129871666431427, -0.11806541681289673, -0.10625919699668884, -0.09445297718048096, -0.08264672756195068, -0.0708405077457428, -0.059034258127212524, -0.04722803831100464, -0.035421788692474365, -0.02361556887626648, -0.011809319257736206, -3.0994415283203125e-06, 0.011803120374679565, 0.02360936999320984, 0.035415589809417725, 0.047221839427948, 0.059028059244155884, 0.07083430886268616, 0.08264052867889404, 0.09444677829742432, 0.1062529981136322, 0.11805921792984009, 0.12986546754837036, 0.14167168736457825, 0.15347792208194733, 0.1652841567993164, 0.17709039151668549, 0.18889662623405457, 0.20070286095142365, 0.21250909566879272, 0.2243153303861618, 0.23612156510353088, 0.24792778491973877, 0.25973403453826904, 0.27154025435447693, 0.2833464741706848, 0.2951527237892151, 0.30695897340774536, 0.31876519322395325, 0.33057141304016113, 0.3423776626586914, 0.3541838824748993, 0.36599013209342957, 0.37779635190963745]}, "_timestamp": 1709610505.298151, "parameters/graph_2context_embeddings.weight": {"_type": "histogram", "values": [2236.0, 986.0, 184.0, 312.0, 260.0, 156.0, 208.0, 171.0, 63.0, 182.0, 182.0, 338.0, 234.0, 468.0, 312.0, 546.0, 390.0, 625.0, 1871.0, 7601.0, 30644.0, 74373.0, 133656.0, 159462.0, 166231.0, 133478.0, 109816.0, 59627.0, 83963.0, 38795.0, 40418.0, 1980.0, 2401.0, 42779.0, 37973.0, 77761.0, 55137.0, 101293.0, 123257.0, 153374.0, 147240.0, 123369.0, 68671.0, 28323.0, 7028.0, 1724.0, 580.0, 360.0, 504.0, 288.0, 432.0, 216.0, 312.0, 168.0, 168.0, 54.0, 162.0, 192.0, 144.0, 240.0, 288.0, 171.0, 909.0, 2064.0], "bins": [-0.4293251931667328, -0.41590893268585205, -0.4024926722049713, -0.3890763819217682, -0.37566012144088745, -0.3622438609600067, -0.348827600479126, -0.33541131019592285, -0.3219950497150421, -0.3085787892341614, -0.29516252875328064, -0.2817462682723999, -0.2683299779891968, -0.25491371750831604, -0.2414974570274353, -0.22808118164539337, -0.21466492116451263, -0.2012486606836319, -0.18783238530158997, -0.17441612482070923, -0.1609998643398285, -0.14758357405662537, -0.13416731357574463, -0.12075105309486389, -0.10733479261398315, -0.09391853213310242, -0.08050224184989929, -0.06708598136901855, -0.05366972088813782, -0.04025346040725708, -0.026837170124053955, -0.013420909643173218, -4.649162292480469e-06, 0.013411611318588257, 0.026827871799468994, 0.04024416208267212, 0.053660422563552856, 0.0670766830444336, 0.08049294352531433, 0.09390923380851746, 0.1073254942893982, 0.12074175477027893, 0.13415801525115967, 0.1475742757320404, 0.16099056601524353, 0.17440682649612427, 0.187823086977005, 0.20123936235904694, 0.21465562283992767, 0.2280718833208084, 0.24148815870285034, 0.2549044191837311, 0.2683206796646118, 0.28173696994781494, 0.2951532304286957, 0.3085694909095764, 0.32198575139045715, 0.3354020118713379, 0.348818302154541, 0.36223456263542175, 0.3756508231163025, 0.3890670835971832, 0.40248337388038635, 0.4158996343612671, 0.4293158948421478]}, "gradients/graph_2context_embeddings.weight": {"_type": "histogram", "values": [24.0, 0.0, 0.0, 0.0, 0.0, 50.0, 0.0, 26.0, 0.0, 0.0, 0.0, 24.0, 68.0, 8.0, 22.0, 126.0, 24.0, 76.0, 202.0, 98.0, 274.0, 404.0, 496.0, 584.0, 956.0, 1634.0, 1824.0, 3169.0, 9813.0, 20302.0, 33035.0, 117923.0, 1762901.0, 34389.0, 19419.0, 9547.0, 3078.0, 1800.0, 1616.0, 944.0, 566.0, 504.0, 396.0, 276.0, 102.0, 198.0, 74.0, 26.0, 124.0, 12.0, 14.0, 76.0, 26.0, 0.0, 0.0, 0.0, 24.0, 0.0, 50.0, 0.0, 0.0, 0.0, 0.0, 26.0], "bins": [-9.940257587004453e-05, -9.629649866838008e-05, -9.319041419075802e-05, -9.008433698909357e-05, -8.697825251147151e-05, -8.387217530980706e-05, -8.076609810814261e-05, -7.766002090647817e-05, -7.45539364288561e-05, -7.144785195123404e-05, -6.83417747495696e-05, -6.523569754790515e-05, -6.21296203462407e-05, -5.902353586861864e-05, -5.591745866695419e-05, -5.2811377827310935e-05, -4.970529698766768e-05, -4.6599216148024425e-05, -4.349313530838117e-05, -4.038705810671672e-05, -3.728097362909466e-05, -3.417489642743021e-05, -3.1068819225765765e-05, -2.7962734748143703e-05, -2.4856657546479255e-05, -2.1750580344814807e-05, -1.8644495867192745e-05, -1.5538418665528297e-05, -1.243234146386385e-05, -9.326256986241788e-06, -6.22017978457734e-06, -3.114095306955278e-06, -8.025381248444319e-09, 3.0980518204160035e-06, 6.2041362980380654e-06, 9.310213499702513e-06, 1.2416297977324575e-05, 1.5522375178989023e-05, 1.862845238065347e-05, 2.1734536858275533e-05, 2.484061405993998e-05, 2.7946691261604428e-05, 3.105277573922649e-05, 3.415885294089094e-05, 3.7264930142555386e-05, 4.037101462017745e-05, 4.3477091821841896e-05, 4.658317266148515e-05, 4.9689253501128405e-05, 5.279533434077166e-05, 5.5901415180414915e-05, 5.900749238207936e-05, 6.211356958374381e-05, 6.521965406136587e-05, 6.832573126303032e-05, 7.143181574065238e-05, 7.453789294231683e-05, 7.764397014398128e-05, 8.075005462160334e-05, 8.385613182326779e-05, 8.696221630088985e-05, 9.00682935025543e-05, 9.317437070421875e-05, 9.628045518184081e-05, 9.938653238350525e-05]}, "gradients/graph_2target_embeddings.weight": {"_type": "histogram", "values": [26.0, 0.0, 0.0, 52.0, 52.0, 0.0, 78.0, 0.0, 0.0, 0.0, 78.0, 208.0, 78.0, 258.0, 78.0, 260.0, 182.0, 156.0, 286.0, 566.0, 442.0, 566.0, 670.0, 871.0, 1051.0, 1354.0, 1868.0, 2362.0, 2730.0, 3661.0, 3313.0, 1982316.0, 3584.0, 3206.0, 3545.0, 2594.0, 2239.0, 1770.0, 1269.0, 994.0, 823.0, 630.0, 534.0, 408.0, 531.0, 267.0, 144.0, 168.0, 240.0, 72.0, 242.0, 72.0, 192.0, 72.0, 0.0, 0.0, 0.0, 72.0, 0.0, 48.0, 48.0, 0.0, 0.0, 24.0],