{"Cumulative Loss": 0.6664113986492157, "_timestamp": 1709330318.145507, "_runtime": 79.30019211769104, "_step": 1200, "_wandb": {"runtime": 80}}