{"Cumulative Loss": 0.6662202143669128, "_timestamp": 1709331763.9881015, "_runtime": 94.85659337043762, "_step": 1200, "_wandb": {"runtime": 93}}