{"loss": 0.29820984919351756, "f1_score": 0.8715822722337381, "_timestamp": 1709619254.0253162, "_runtime": 3068.803966283798, "_step": 319, "_wandb": {"runtime": 3045}}