{"loss": 0.13482780629396438, "f1_score": 0.6651983848900457, "_timestamp": 1709334625.4953675, "_runtime": 13.36639952659607, "_step": 2, "_wandb": {"runtime": 15}}