{"Cumulative Loss": 0.6229347878694534, "_timestamp": 1709325895.7928534, "_runtime": 260.71477127075195, "_step": 5300, "_wandb": {"runtime": 355}}