{"loss": 0.0019260666370391846, "f1_score": 0.6651983848900457, "_timestamp": 1709420085.7292159, "_runtime": 27.939680814743042, "_step": 6, "_wandb": {"runtime": 28}}