{"loss": 0.7151859691143035, "f1_score": 0.36923820455506556, "_timestamp": 1709619631.137055, "_runtime": 48.25145196914673, "_step": 20, "_wandb": {"runtime": 523}}