{"parameters/target_embeddings.weight": {"_type": "histogram", "values": [1.0, 0.0, 1.0, 1.0, 2.0, 8.0, 37.0, 97.0, 197.0, 341.0, 473.0, 1085.0, 1945.0, 3519.0, 5301.0, 8202.0, 9892.0, 12138.0, 16580.0, 18341.0, 23018.0, 26075.0, 31189.0, 32428.0, 38427.0, 48075.0, 58180.0, 70765.0, 100669.0, 147632.0, 196545.0, 326.0, 18.0, 332.0, 266863.0, 204760.0, 139644.0, 98946.0, 80492.0, 66636.0, 53175.0, 45345.0, 42790.0, 36367.0, 31953.0, 25356.0, 22959.0, 16975.0, 13652.0, 11496.0, 7236.0, 4994.0, 2721.0, 1528.0, 653.0, 484.0, 277.0, 139.0, 48.0, 9.0, 7.0, 4.0, 0.0, 1.0], "bins": [-0.5459195375442505, -0.5291282534599304, -0.5123369693756104, -0.4955456554889679, -0.47875434160232544, -0.46196305751800537, -0.4451717734336853, -0.42838048934936523, -0.4115891754627228, -0.3947978615760803, -0.37800657749176025, -0.3612152934074402, -0.3444240093231201, -0.32763269543647766, -0.3108414113521576, -0.29405009746551514, -0.27725881338119507, -0.260467529296875, -0.24367621541023254, -0.22688493132591248, -0.21009361743927002, -0.19330233335494995, -0.17651104927062988, -0.15971973538398743, -0.14292845129966736, -0.1261371672153473, -0.10934585332870483, -0.09255456924438477, -0.0757632851600647, -0.05897197127342224, -0.042180657386779785, -0.025389373302459717, -0.008598029613494873, 0.008193254470825195, 0.024984538555145264, 0.04177585244178772, 0.058567166328430176, 0.07535845041275024, 0.09214973449707031, 0.10894104838371277, 0.12573233246803284, 0.1425236165523529, 0.15931493043899536, 0.17610621452331543, 0.1928974986076355, 0.20968881249427795, 0.22648009657859802, 0.24327141046524048, 0.26006269454956055, 0.2768539786338806, 0.29364529252052307, 0.31043657660484314, 0.3272278904914856, 0.34401917457580566, 0.36081045866012573, 0.3776017427444458, 0.39439305663108826, 0.4111843705177307, 0.4279756546020508, 0.44476693868637085, 0.4615582227706909, 0.4783495366573334, 0.49514082074165344, 0.5119321346282959, 0.528723418712616]}, "_timestamp": 1709608904.153158, "parameters/context_embeddings.weight": {"_type": "histogram", "values": [232.0, 203.0, 290.0, 353.0, 594.0, 460.0, 362.0, 551.0, 348.0, 203.0, 145.0, 112.0, 381.0, 232.0, 255.0, 325.0, 145.0, 543.0, 646.0, 957.0, 930.0, 1680.0, 1885.0, 1746.0, 1658.0, 6174.0, 36685.0, 193165.0, 395029.0, 376480.0, 124749.0, 12229.0, 8075.0, 107003.0, 284150.0, 287370.0, 139208.0, 26350.0, 4417.0, 1202.0, 1260.0, 1365.0, 1219.0, 673.0, 691.0, 472.0, 389.0, 105.0, 238.0, 182.0, 168.0, 277.0, 80.0, 105.0, 147.0, 252.0, 399.0, 269.0, 331.0, 428.0, 258.0, 205.0, 147.0, 168.0], "bins": [-1.44208562374115, -1.397017240524292, -1.351948857307434, -1.3068804740905762, -1.2618119716644287, -1.2167435884475708, -1.171675205230713, -1.126606822013855, -1.081538438796997, -1.0364700555801392, -0.9914016723632812, -0.9463332295417786, -0.9012648463249207, -0.8561964631080627, -0.8111280202865601, -0.7660596370697021, -0.7209912538528442, -0.6759228706359863, -0.6308544874191284, -0.5857860445976257, -0.5407176613807678, -0.4956492781639099, -0.4505808353424072, -0.4055124521255493, -0.3604440689086914, -0.3153756856918335, -0.2703073024749756, -0.22523891925811768, -0.18017041683197021, -0.1351020336151123, -0.0900336503982544, -0.044965267181396484, 0.00010323524475097656, 0.04517161846160889, 0.0902400016784668, 0.1353083848953247, 0.18037676811218262, 0.22544527053833008, 0.270513653755188, 0.3155820369720459, 0.3606504201889038, 0.4057188034057617, 0.45078718662261963, 0.4958556294441223, 0.5409240126609802, 0.5859923958778381, 0.6310608386993408, 0.6761292219161987, 0.7211976051330566, 0.7662659883499146, 0.8113343715667725, 0.8564028143882751, 0.9014711976051331, 0.946539580821991, 0.9916080236434937, 1.0366764068603516, 1.0817447900772095, 1.1268131732940674, 1.1718815565109253, 1.2169499397277832, 1.2620184421539307, 1.3070868253707886, 1.3521552085876465, 1.3972235918045044, 1.4422919750213623]}, "gradients/context_embeddings.weight": {"_type": "histogram", "values": [7.0, 8.0, 3.0, 1.0, 0.0, 0.0, 2.0, 0.0, 0.0, 0.0, 0.0, 2.0, 24.0, 53.0, 12.0, 23.0, 11.0, 49.0, 75.0, 54.0, 137.0, 221.0, 290.0, 276.0, 493.0, 1085.0, 1663.0, 3203.0, 8042.0, 25827.0, 41555.0, 1824246.0, 77650.0, 25207.0, 9082.0, 3404.0, 1678.0, 1107.0, 607.0, 280.0, 287.0, 209.0, 140.0, 60.0, 65.0, 42.0, 17.0, 14.0, 6.0, 38.0, 63.0, 3.0, 0.0, 0.0, 0.0, 0.0, 0.0, 1.0, 3.0, 3.0, 3.0, 8.0, 6.0, 5.0], "bins": [-0.00013270674389787018, -0.00012850580969825387, -0.00012430487549863756, -0.00012010393402306363, -0.00011590299982344732, -0.000111702065623831, -0.00010750112414825708, -0.00010330018994864076, -9.909925574902445e-05, -9.489832154940814e-05, -9.069738734979182e-05, -8.64964458742179e-05, -8.229551167460158e-05, -7.809457747498527e-05, -7.389363599941134e-05, -6.969270179979503e-05, -6.549176760017872e-05, -6.12908334005624e-05, -5.708989920094609e-05, -5.2888957725372165e-05, -4.868802352575585e-05, -4.448708932613954e-05, -4.028614785056561e-05, -3.60852136509493e-05, -3.1884279451332986e-05, -2.7683345251716673e-05, -2.348241105210036e-05, -1.9281469576526433e-05, -1.508053537691012e-05, -1.0879601177293807e-05, -6.67865970171988e-06, -2.477725502103567e-06, 1.7232086975127459e-06, 5.924142897129059e-06, 1.0125077096745372e-05, 1.4326018572319299e-05, 1.8526952771935612e-05, 2.2727886971551925e-05, 2.6928828447125852e-05, 3.1129762646742165e-05, 3.533069684635848e-05, 3.953163104597479e-05, 4.3732565245591104e-05, 4.793350672116503e-05, 5.2134440920781344e-05, 5.633537512039766e-05, 6.0536316595971584e-05, 6.47372507955879e-05, 6.893818499520421e-05, 7.313911919482052e-05, 7.734005339443684e-05, 8.154099487001076e-05, 8.574192906962708e-05, 8.994286326924339e-05, 9.414380474481732e-05, 9.834473894443363e-05, 0.00010254567314404994, 0.00010674660734366626, 0.00011094754154328257, 0.0001151484830188565, 0.00011934941721847281, 0.00012355035869404674, 0.00012775129289366305, 0.00013195222709327936, 0.00013615316129289567]}, "gradients/target_embeddings.weight": {"_type": "histogram", "values": [1.0, 5.0, 1.0, 1.0, 4.0, 9.0, 31.0, 5.0, 2.0, 1.0, 19.0, 24.0, 34.0, 91.0, 80.0, 75.0, 66.0, 75.0, 120.0, 75.0, 236.0, 316.0, 508.0, 770.0, 1151.0, 1497.0, 2437.0, 3517.0, 4550.0, 4934.0, 1983146.0, 5144.0, 4646.0, 4050.0, 3023.0, 2125.0, 1326.0, 1058.0, 610.0, 472.0, 259.0, 174.0, 107.0, 117.0, 43.0, 71.0, 52.0, 80.0, 89.0, 20.0, 45.0, 12.0, 4.0, 1.0, 4.0, 25.0, 6.0, 2.0, 1.0, 1.0, 0.0, 1.0, 0.0, 1.0], "bins": [-3.94983944715932e-05, -3.8219430280150846e-05, -3.694046608870849e-05, -3.5661501897266135e-05, -3.438253770582378e-05, -3.3103569876402617e-05, -3.182460568496026e-05, -3.0545641493517905e-05, -2.926667730207555e-05, -2.7987713110633194e-05, -2.670874891919084e-05, -2.542978290875908e-05, -2.4150818717316724e-05, -2.287185452587437e-05, -2.159288851544261e-05, -2.0313924324000254e-05, -1.90349601325579e-05, -1.7755995941115543e-05, -1.6477031749673188e-05, -1.5198065739241429e-05, -1.3919101547799073e-05, -1.2640137356356718e-05, -1.1361171345924959e-05, -1.0082207154482603e-05, -8.803242963040248e-06, -7.524278771597892e-06, -6.2453145801555365e-06, -4.966350388713181e-06, -3.6873825592920184e-06, -2.408418367849663e-06, -1.1294541764073074e-06, 1.4951001503504813e-07, 1.4284778444562107e-06, 2.7074420358985662e-06, 3.986406227340922e-06, 5.265370418783277e-06, 6.544334610225633e-06, 7.823302439646795e-06, 9.102266631089151e-06, 1.0381230822531506e-05, 1.1660195013973862e-05, 1.2939159205416217e-05, 1.4218123396858573e-05, 1.5497089407290332e-05, 1.6776053598732688e-05, 1.8055017790175043e-05, 1.9333983800606802e-05, 2.0612947992049158e-05, 2.1891912183491513e-05, 2.317087637493387e-05, 2.4449840566376224e-05, 2.5728806576807983e-05, 2.700777076825034e-05, 2.8286734959692694e-05, 2.9565700970124453e-05, 3.084466516156681e-05, 3.2123629353009164e-05, 3.340259354445152e-05, 3.4681557735893875e-05, 3.596052192733623e-05, 3.7239486118778586e-05, 3.851845394819975e-05, 3.9797418139642105e-05, 4.107638233108446e-05, 4.2355346522526816e-05]},