{"Cumulative Loss": 0.40613736003637313, "_timestamp": 1709525614.0195756, "_runtime": 172.97611570358276, "_step": 36, "parameters/graph_3target_embeddings.weight": {"_type": "histogram", "values": [1.0, 2.0, 3.0, 5.0, 3.0, 4.0, 11.0, 13.0, 13.0, 13.0, 36.0, 42.0, 82.0, 89.0, 139.0, 175.0, 260.0, 356.0, 493.0, 688.0, 1012.0, 1465.0, 2252.0, 3787.0, 7111.0, 14874.0, 36292.0, 82087.0, 151024.0, 242438.0, 163101.0, 17081.0, 8599.0, 11614.0, 97984.0, 265943.0, 173101.0, 95126.0, 44041.0, 19101.0, 8257.0, 4342.0, 2423.0, 1609.0, 1071.0, 738.0, 539.0, 392.0, 295.0, 190.0, 135.0, 105.0, 73.0, 50.0, 36.0, 32.0, 23.0, 8.0, 8.0, 5.0, 3.0, 2.0, 0.0, 3.0], "bins": [-1.4168413877487183, -1.373417854309082, -1.3299944400787354, -1.2865709066390991, -1.243147373199463, -1.1997239589691162, -1.15630042552948, -1.1128768920898438, -1.069453477859497, -1.0260299444198608, -0.9826064109802246, -0.9391829371452332, -0.8957594633102417, -0.8523359298706055, -0.808912456035614, -0.7654889225959778, -0.7220654487609863, -0.6786419749259949, -0.6352184414863586, -0.5917949676513672, -0.548371434211731, -0.5049479603767395, -0.46152448654174805, -0.4181009531021118, -0.37467753887176514, -0.3312540054321289, -0.2878304719924927, -0.24440693855285645, -0.20098352432250977, -0.15755999088287354, -0.1141364574432373, -0.07071304321289062, -0.027289390563964844, 0.016134142875671387, 0.059557557106018066, 0.1029810905456543, 0.14640462398529053, 0.1898280382156372, 0.23325157165527344, 0.27667510509490967, 0.3200986385345459, 0.3635220527648926, 0.4069455862045288, 0.45036906003952026, 0.4937925338745117, 0.537216067314148, 0.5806395411491394, 0.6240630745887756, 0.6674865484237671, 0.7109100222587585, 0.7543335556983948, 0.7977570295333862, 0.8411805629730225, 0.8846040368080139, 0.9280275106430054, 0.9714510440826416, 1.0148744583129883, 1.0582979917526245, 1.1017215251922607, 1.1451449394226074, 1.1885684728622437, 1.2319920063018799, 1.2754155397415161, 1.3188389539718628, 1.362262487411499]}, "parameters/graph_3context_embeddings.weight": {"_type": "histogram", "values": [2.0, 1.0, 0.0, 0.0, 0.0, 1.0, 0.0, 1.0, 1.0, 2.0, 5.0, 8.0, 15.0, 17.0, 1439.0, 2118.0, 317.0, 385.0, 535.0, 867.0, 1189.0, 1860.0, 4915.0, 23172.0, 88758.0, 181033.0, 202368.0, 137260.0, 59322.0, 24314.0, 22648.0, 54354.0, 130653.0, 198851.0, 186273.0, 96860.0, 27156.0, 5629.0, 1557.0, 861.0, 698.0, 649.0, 545.0, 397.0, 1585.0, 2054.0, 35.0, 30.0, 15.0, 15.0, 8.0, 7.0, 2.0, 4.0, 1.0, 0.0, 2.0, 1.0, 0.0, 2.0, 1.0, 0.0, 1.0, 1.0], "bins": [-1.3027794361114502, -1.2594194412231445, -1.2160594463348389, -1.1726994514465332, -1.1293394565582275, -1.0859794616699219, -1.0426194667816162, -0.9992594718933105, -0.9558994770050049, -0.9125394821166992, -0.8691794872283936, -0.8258194923400879, -0.782459557056427, -0.7390995621681213, -0.6957395672798157, -0.65237957239151, -0.6090195775032043, -0.5656595826148987, -0.522299587726593, -0.47893959283828735, -0.4355795979499817, -0.392219603061676, -0.34885960817337036, -0.3054996132850647, -0.2621396780014038, -0.21877968311309814, -0.17541968822479248, -0.13205969333648682, -0.08869969844818115, -0.04533970355987549, -0.0019797086715698242, 0.04138028621673584, 0.0847402811050415, 0.12810027599334717, 0.17146027088165283, 0.2148202657699585, 0.25818026065826416, 0.3015402555465698, 0.3449002504348755, 0.38826024532318115, 0.4316202402114868, 0.4749801754951477, 0.5183401703834534, 0.561700165271759, 0.6050601601600647, 0.6484201550483704, 0.691780149936676, 0.7351401448249817, 0.7785001397132874, 0.821860134601593, 0.8652201294898987, 0.9085801243782043, 0.95194011926651, 0.9953000545501709, 1.0386600494384766, 1.0820200443267822, 1.125380039215088, 1.1687400341033936, 1.2121000289916992, 1.2554600238800049, 1.2988200187683105, 1.3421800136566162, 1.3855400085449219, 1.4289000034332275, 1.4722599983215332]}, "gradients/graph_3context_embeddings.weight": {"_type": "histogram", "values": [1.0, 1.0, 0.0, 5.0, 2.0, 1.0, 1.0, 1.0, 3.0, 3.0, 5.0, 9.0, 16.0, 17.0, 15.0, 39.0, 67.0, 97.0, 130.0, 204.0, 334.0, 524.0, 793.0, 1547.0, 3729.0, 10417.0, 35886.0, 1237365.0, 133855.0, 22414.0, 7405.0, 2801.0, 1290.0, 666.0, 407.0, 238.0, 151.0, 120.0, 73.0, 38.0, 43.0, 33.0, 9.0, 14.0, 7.0, 10.0, 3.0, 1.0, 2.0, 0.0, 2.0, 3.0, 0.0, 1.0, 0.0, 0.0, 0.0, 0.0, 0.0, 1.0, 0.0, 0.0, 0.0, 1.0], "bins": [-0.00012960669118911028, -0.0001249499764526263, -0.00012029325444018468, -0.00011563653242774308, -0.00011097981769125909, -0.0001063231029547751, -0.00010166638094233349, -9.700965892989188e-05, -9.235294419340789e-05, -8.76962294569239e-05, -8.30395074444823e-05, -7.838278543204069e-05, -7.37260706955567e-05, -6.906935595907271e-05, -6.44126339466311e-05, -5.97559119341895e-05, -5.509919719770551e-05, -5.0442482461221516e-05, -4.578576044877991e-05, -4.1129038436338305e-05, -3.6472323699854314e-05, -3.181560896337032e-05, -2.7158886950928718e-05, -2.2502164938487113e-05, -1.784545020200312e-05, -1.318873546551913e-05, -8.532013453077525e-06, -3.8752914406359196e-06, 7.814232958480716e-07, 5.438138032332063e-06, 1.0094867320731282e-05, 1.4751582057215273e-05, 1.9408282241784036e-05, 2.4064996978268027e-05, 2.872171171475202e-05, 3.337844100315124e-05, 3.803515573963523e-05, 4.269187047611922e-05, 4.7348592488560826e-05, 5.200531450100243e-05, 5.666202923748642e-05, 6.131874397397041e-05, 6.597546598641202e-05, 7.063218799885362e-05, 7.528890273533762e-05, 7.99456174718216e-05, 8.460233948426321e-05, 8.925906149670482e-05, 9.391577623318881e-05, 9.85724909696728e-05, 0.0001032292129821144, 0.00010788593499455601, 0.00011254264973104, 0.00011719936446752399, 0.0001218560864799656, 0.0001265128084924072, 0.0001311695232288912, 0.00013582623796537519, 0.0001404829672537744, 0.0001451396819902584, 0.0001497963967267424, 0.00015445311146322638, 0.00015910982619971037, 0.0001637665554881096, 0.00016842327022459358]}, "gradients/graph_3target_embeddings.weight": {"_type": "histogram", "values": [1.0, 1.0, 0.0, 3.0, 1.0, 1.0, 3.0, 3.0, 3.0, 3.0, 10.0, 11.0, 6.0, 16.0, 21.0, 28.0, 41.0, 44.0, 52.0, 80.0, 116.0, 151.0, 232.0, 326.0, 568.0, 1085.0, 1935.0, 4362.0, 9091.0, 14947.0, 1400211.0, 13270.0, 7058.0, 3318.0, 1527.0, 783.0, 463.0, 296.0, 208.0, 126.0, 99.0, 84.0, 64.0, 38.0, 23.0, 26.0, 19.0, 8.0, 5.0, 6.0, 7.0, 5.0, 5.0, 2.0, 1.0, 2.0, 3.0, 0.0, 0.0, 0.0, 0.0, 0.0, 0.0, 2.0], "bins": [-7.238106627482921e-05, -6.999470497248694e-05, -6.760835094610229e-05, -6.522198964376003e-05, -6.283563561737537e-05, -6.044927431503311e-05, -5.806291665066965e-05, -5.567655898630619e-05, -5.329020132194273e-05, -5.090384365757927e-05, -4.8517485993215814e-05, -4.6131128328852355e-05, -4.374476702651009e-05, -4.135840936214663e-05, -3.897205169778317e-05, -3.658569403341971e-05, -3.4199336369056255e-05, -3.1812978704692796e-05, -2.9426621040329337e-05, -2.704026337596588e-05, -2.465390571160242e-05, -2.2267544409260154e-05, -1.9881186744896695e-05, -1.7494829080533236e-05, -1.5108471416169778e-05, -1.2722113751806319e-05, -1.0335752449464053e-05, -7.949398423079401e-06, -5.563037120737135e-06, -3.1766830943524837e-06, -7.903217920102179e-07, 1.5960322343744338e-06, 3.982386260759085e-06, 6.368747563101351e-06, 8.755101589486003e-06, 1.1141462891828269e-05, 1.352781691821292e-05, 1.5914178220555186e-05, 1.8300532246939838e-05, 2.0686893549282104e-05, 2.3073251213645563e-05, 2.545960887800902e-05, 2.784596654237248e-05, 3.023232420673594e-05, 3.2618685509078205e-05, 3.500504317344166e-05, 3.739140083780512e-05, 3.977775850216858e-05, 4.216411616653204e-05, 4.45504738308955e-05, 4.693683149525896e-05, 4.9323189159622416e-05, 5.1709546823985875e-05, 5.409590812632814e-05, 5.64822657906916e-05, 5.886862345505506e-05, 6.125497748143971e-05, 6.364133878378198e-05, 6.602770008612424e-05, 6.841405411250889e-05, 7.080041541485116e-05, 7.318676944123581e-05, 7.557313074357808e-05, 7.795948476996273e-05, 8.0345846072305e-05]}}