{"loss": 0.37773172529879956, "f1_score": 0.8356486010565447, "_timestamp": 1709635249.8110266, "_runtime": 86.20487856864929, "_step": 11}