{"Cumulative Loss": 0.6639464884996414, "_timestamp": 1709322248.7926333, "_runtime": 410.0283582210541, "_step": 7100, "_wandb": {"runtime": 420}}