{"parameters/target_embeddings.weight": {"_type": "histogram", "values": [1.0, 2.0, 1.0, 3.0, 1.0, 2.0, 1.0, 2.0, 3.0, 7.0, 9.0, 10.0, 26.0, 40.0, 88.0, 146.0, 378.0, 682.0, 1425.0, 2829.0, 5343.0, 9449.0, 16609.0, 27050.0, 42990.0, 64677.0, 91982.0, 123922.0, 156982.0, 185269.0, 203547.0, 209886.0, 200182.0, 179221.0, 148079.0, 116219.0, 84720.0, 58945.0, 38828.0, 24116.0, 14813.0, 8812.0, 4916.0, 2507.0, 1300.0, 654.0, 329.0, 166.0, 77.0, 47.0, 21.0, 18.0, 6.0, 4.0, 1.0, 2.0, 0.0, 2.0, 1.0, 0.0, 1.0, 0.0, 0.0, 1.0], "bins": [-4.683231353759766, -4.533485412597656, -4.383738994598389, -4.233993053436279, -4.08424711227417, -3.9345009326934814, -3.784754753112793, -3.6350088119506836, -3.485262870788574, -3.3355166912078857, -3.1857705116271973, -3.036024570465088, -2.8862783908843994, -2.736532211303711, -2.5867862701416016, -2.437040328979492, -2.2872941493988037, -2.1375479698181152, -1.9878020286560059, -1.8380558490753174, -1.688309907913208, -1.5385637283325195, -1.3888177871704102, -1.2390716075897217, -1.0893254280090332, -0.9395794868469238, -0.7898333072662354, -0.6400871276855469, -0.4903411865234375, -0.3405952453613281, -0.19084930419921875, -0.04110288619995117, 0.1086430549621582, 0.2583889961242676, 0.40813541412353516, 0.5578813552856445, 0.7076272964477539, 0.8573732376098633, 1.0071194171905518, 1.1568655967712402, 1.3066115379333496, 1.456357717514038, 1.6061038970947266, 1.755849838256836, 1.9055960178375244, 2.055341958999634, 2.2050881385803223, 2.3548340797424316, 2.50458025932312, 2.6543264389038086, 2.804072380065918, 2.9538183212280273, 3.103564500808716, 3.2533106803894043, 3.4030566215515137, 3.552802801132202, 3.7025489807128906, 3.852294921875, 4.002040863037109, 4.151787281036377, 4.301533222198486, 4.451279163360596, 4.601025104522705, 4.750771522521973, 4.900517463684082]}, "_timestamp": 1709632287.072907, "parameters/context_embeddings.weight": {"_type": "histogram", "values": [2.0, 3.0, 2.0, 3.0, 7.0, 22.0, 35.0, 65.0, 137.0, 177.0, 255.0, 406.0, 584.0, 843.0, 1117.0, 1588.0, 2296.0, 3250.0, 4798.0, 6855.0, 10040.0, 14927.0, 21461.0, 29589.0, 39653.0, 52055.0, 66451.0, 83574.0, 101085.0, 119286.0, 135775.0, 146748.0, 152107.0, 151697.0, 143545.0, 131886.0, 117488.0, 102114.0, 86213.0, 72269.0, 59794.0, 48200.0, 36332.0, 26641.0, 18008.0, 12290.0, 8399.0, 5760.0, 3669.0, 2462.0, 1661.0, 1150.0, 821.0, 572.0, 379.0, 268.0, 206.0, 145.0, 98.0, 47.0, 24.0, 9.0, 4.0, 3.0], "bins": [-4.179483890533447, -4.0560383796691895, -3.9325928688049316, -3.809147357940674, -3.685702085494995, -3.5622565746307373, -3.4388110637664795, -3.3153655529022217, -3.191920042037964, -3.068474769592285, -2.9450292587280273, -2.8215837478637695, -2.6981382369995117, -2.574692726135254, -2.451247215270996, -2.3278017044067383, -2.2043561935424805, -2.0809109210968018, -1.957465410232544, -1.8340198993682861, -1.7105743885040283, -1.5871288776397705, -1.4636833667755127, -1.340238094329834, -1.2167925834655762, -1.0933470726013184, -0.9699015617370605, -0.8464560508728027, -0.7230105400085449, -0.5995652675628662, -0.4761197566986084, -0.3526742458343506, -0.22922873497009277, -0.10578322410583496, 0.01766228675842285, 0.14110779762268066, 0.2645530700683594, 0.3879985809326172, 0.511444091796875, 0.6348896026611328, 0.7583351135253906, 0.8817806243896484, 1.0052258968353271, 1.128671407699585, 1.2521169185638428, 1.3755624294281006, 1.4990079402923584, 1.6224534511566162, 1.7458988428115845, 1.8693443536758423, 1.9927897453308105, 2.1162352561950684, 2.239680767059326, 2.363126277923584, 2.486571788787842, 2.6100172996520996, 2.7334625720977783, 2.856908082962036, 2.980353593826294, 3.1037991046905518, 3.2272446155548096, 3.3506898880004883, 3.474135398864746, 3.597580909729004, 3.7210264205932617]}, "gradients/context_embeddings.weight": {"_type": "histogram", "values": [1.0, 0.0, 0.0, 0.0, 0.0, 0.0, 2.0, 0.0, 0.0, 2.0, 1.0, 0.0, 4.0, 3.0, 3.0, 5.0, 10.0, 24.0, 21.0, 28.0, 45.0, 74.0, 103.0, 156.0, 297.0, 497.0, 925.0, 1923.0, 4291.0, 9563.0, 24380.0, 1883209.0, 72873.0, 16513.0, 6661.0, 2774.0, 1291.0, 686.0, 374.0, 208.0, 135.0, 87.0, 58.0, 30.0, 27.0, 18.0, 8.0, 15.0, 6.0, 5.0, 4.0, 3.0, 3.0, 2.0, 0.0, 0.0, 0.0, 0.0, 0.0, 1.0, 0.0, 0.0, 0.0, 1.0], "bins": [-0.0002446980797685683, -0.00023700670863036066, -0.00022931533749215305, -0.00022162396635394543, -0.00021393259521573782, -0.0002062412240775302, -0.0001985498529393226, -0.00019085848180111498, -0.00018316711066290736, -0.00017547573952469975, -0.00016778436838649213, -0.00016009299724828452, -0.0001524016261100769, -0.0001447102549718693, -0.00013701888383366168, -0.00012932751269545406, -0.00012163614155724645, -0.00011394477041903883, -0.00010625339928083122, -9.85620281426236e-05, -9.087065700441599e-05, -8.317928586620837e-05, -7.548791472800076e-05, -6.779654358979315e-05, -6.010517245158553e-05, -5.241380131337792e-05, -4.47224301751703e-05, -3.703105903696269e-05, -2.9339687898755074e-05, -2.164831676054746e-05, -1.3956945622339845e-05, -6.26557448413223e-06, 1.4257966540753841e-06, 9.117167792282999e-06, 1.6808538930490613e-05, 2.4499910068698227e-05, 3.219128120690584e-05, 3.9882652345113456e-05, 4.757402348332107e-05, 5.5265394621528685e-05, 6.29567657597363e-05, 7.064813689794391e-05, 7.833950803615153e-05, 8.603087917435914e-05, 9.372225031256676e-05, 0.00010141362145077437, 0.00010910499258898199, 0.0001167963637271896, 0.00012448773486539721, 0.00013217910600360483, 0.00013987047714181244, 0.00014756184828002006, 0.00015525321941822767, 0.0001629445905564353, 0.0001706359616946429, 0.00017832733283285052, 0.00018601870397105813, 0.00019371007510926574, 0.00020140144624747336, 0.00020909281738568097, 0.0002167841885238886, 0.0002244755596620962, 0.00023216693080030382, 0.00023985830193851143, 0.00024754967307671905]}, "gradients/target_embeddings.weight": {"_type": "histogram", "values": [1.0, 0.0, 0.0, 0.0, 1.0, 1.0, 0.0, 1.0, 1.0, 1.0, 2.0, 1.0, 6.0, 4.0, 5.0, 8.0, 10.0, 18.0, 12.0, 24.0, 36.0, 41.0, 43.0, 64.0, 104.0, 105.0, 185.0, 275.0, 432.0, 756.0, 1380.0, 2439.0, 4302.0, 6777.0, 1987263.0, 8327.0, 5952.0, 3612.0, 2010.0, 1141.0, 663.0, 431.0, 235.0, 179.0, 130.0, 91.0, 71.0, 60.0, 28.0, 29.0, 25.0, 20.0, 14.0, 7.0, 8.0, 4.0, 6.0, 4.0, 0.0, 0.0, 4.0, 0.0, 0.0, 1.0], "bins": [-0.0002967360778711736, -0.00028822984313592315, -0.0002797235792968422, -0.00027121734456159174, -0.0002627110807225108, -0.00025420484598726034, -0.00024569861125200987, -0.00023719234741292894, -0.00022868611267767847, -0.00022017984883859754, -0.00021167361410334706, -0.00020316736481618136, -0.00019466111552901566, -0.0001861548807937652, -0.00017764861695468426, -0.00016914238221943378, -0.00016063613293226808, -0.00015212988364510238, -0.00014362363435793668, -0.0001351173996226862, -0.0001266111503355205, -0.0001181049010483548, -0.0001095986517611891, -0.0001010924024740234, -9.25861531868577e-05, -8.407991845160723e-05, -7.557366916444153e-05, -6.706741987727582e-05, -5.856117059011012e-05, -5.005492130294442e-05, -4.154868656769395e-05, -3.304242272861302e-05, -2.4536187993362546e-05, -1.6029953258112073e-05, -7.523689419031143e-06, 9.825453162193298e-07, 9.488794603385031e-06, 1.7995043890550733e-05, 2.6501293177716434e-05, 3.5007542464882135e-05, 4.351377720013261e-05, 5.202002648729831e-05, 6.052627577446401e-05, 6.903252506162971e-05, 7.753877434879541e-05, 8.604502363596112e-05, 9.455125837121159e-05, 0.00010305750765837729, 0.00011156375694554299, 0.00012007000623270869, 0.00012857624096795917, 0.0001370825048070401, 0.00014558873954229057, 0.00015409498882945627, 0.00016260123811662197, 0.00017110747285187244, 0.00017961373669095337, 0.00018811997142620385, 0.00019662622071336955, 0.00020513247000053525, 0.00021363871928770095, 0.00022214496857486665, 0.00023065120331011713, 0.00023915745259728283, 0.00024766370188444853]}, "Cumulative Loss": 0.37011981329321864, "_runtime": 10260.200535058975, "_step": 30, "_wandb": {"runtime": 10260}}