{"loss": 0.566478612601757, "f1_score": 0.8386548371672953, "_timestamp": 1709648315.536103, "_runtime": 398.3548641204834, "_step": 209}