{"parameters/graph_2target_embeddings.weight": {"_type": "histogram", "values": [1.0, 2.0, 0.0, 0.0, 1.0, 5.0, 2.0, 3.0, 2.0, 0.0, 7.0, 9.0, 10.0, 9.0, 28.0, 50.0, 86.0, 189.0, 396.0, 743.0, 1415.0, 2891.0, 5459.0, 10055.0, 18351.0, 32604.0, 52976.0, 83025.0, 120086.0, 162919.0, 203567.0, 230368.0, 238772.0, 223926.0, 193205.0, 152021.0, 109788.0, 74241.0, 47607.0, 28496.0, 16031.0, 8792.0, 4611.0, 2339.0, 1198.0, 536.0, 300.0, 115.0, 60.0, 24.0, 14.0, 2.0, 4.0, 0.0, 1.0, 3.0, 1.0, 1.0, 1.0, 1.0, 0.0, 0.0, 0.0, 1.0], "bins": [-3.6723101139068604, -3.5586459636688232, -3.4449820518493652, -3.331317901611328, -3.21765398979187, -3.103989839553833, -2.990325927734375, -2.876661777496338, -2.762997627258301, -2.6493337154388428, -2.5356698036193848, -2.4220056533813477, -2.3083415031433105, -2.1946773529052734, -2.0810134410858154, -1.9673494100570679, -1.8536853790283203, -1.7400213479995728, -1.6263573169708252, -1.512693166732788, -1.39902925491333, -1.285365104675293, -1.171701192855835, -1.0580370426177979, -0.9443728923797607, -0.8307089805603027, -0.7170448303222656, -0.6033809185028076, -0.4897167682647705, -0.3760528564453125, -0.2623887062072754, -0.14872479438781738, -0.035060882568359375, 0.07860326766967773, 0.19226717948913574, 0.30593132972717285, 0.41959524154663086, 0.533259391784668, 0.646923303604126, 0.7605874538421631, 0.8742513656616211, 0.9879155158996582, 1.1015796661376953, 1.2152435779571533, 1.3289077281951904, 1.4425716400146484, 1.5562357902526855, 1.669899821281433, 1.7835638523101807, 1.8972278833389282, 2.010891914367676, 2.124556064605713, 2.238219976425171, 2.351884126663208, 2.465548038482666, 2.579212188720703, 2.6928763389587402, 2.8065402507781982, 2.9202041625976562, 3.0338683128356934, 3.1475324630737305, 3.2611963748931885, 3.3748605251312256, 3.4885244369506836, 3.6021885871887207]}, "_timestamp": 1709543011.5532017, "parameters/graph_2context_embeddings.weight": {"_type": "histogram", "values": [1.0, 7.0, 12.0, 21.0, 41.0, 58.0, 125.0, 157.0, 240.0, 258.0, 370.0, 429.0, 579.0, 769.0, 898.0, 1133.0, 1462.0, 2132.0, 3223.0, 5059.0, 7592.0, 11871.0, 18514.0, 29041.0, 43213.0, 59649.0, 80011.0, 100512.0, 119921.0, 135287.0, 144786.0, 149336.0, 148877.0, 144834.0, 136849.0, 126711.0, 116351.0, 102908.0, 87533.0, 71452.0, 55834.0, 40673.0, 27809.0, 18093.0, 11320.0, 7101.0, 4523.0, 2763.0, 1707.0, 1210.0, 820.0, 501.0, 464.0, 441.0, 402.0, 393.0, 324.0, 265.0, 176.0, 133.0, 90.0, 51.0, 26.0, 9.0], "bins": [-3.917442798614502, -3.79949951171875, -3.681555986404419, -3.563612699508667, -3.445669174194336, -3.327725887298584, -3.209782361984253, -3.091839075088501, -2.97389554977417, -2.855952262878418, -2.738008975982666, -2.620065450668335, -2.502121925354004, -2.384178638458252, -2.2662353515625, -2.148291826248169, -2.030348300933838, -1.912405014038086, -1.794461727142334, -1.676518201828003, -1.558574914932251, -1.44063138961792, -1.322688102722168, -1.204744577407837, -1.086801290512085, -0.9688577651977539, -0.850914478302002, -0.7329709529876709, -0.615027666091919, -0.4970841407775879, -0.37914085388183594, -0.2611973285675049, -0.14325404167175293, -0.025310754776000977, 0.09263277053833008, 0.21057605743408203, 0.3285195827484131, 0.44646286964416504, 0.5644063949584961, 0.682349681854248, 0.8002932071685791, 0.918236494064331, 1.036180019378662, 1.154123306274414, 1.2720668315887451, 1.390010118484497, 1.5079536437988281, 1.62589693069458, 1.7438403367996216, 1.861783742904663, 1.9797271490097046, 2.097670555114746, 2.215613842010498, 2.333557367324829, 2.45150089263916, 2.569444179534912, 2.687387466430664, 2.805330991744995, 2.923274278640747, 3.041217803955078, 3.15916109085083, 3.277104616165161, 3.395047903060913, 3.512991428375244, 3.630934715270996]}, "gradients/graph_2context_embeddings.weight": {"_type": "histogram", "values": [1.0, 0.0, 0.0, 0.0, 1.0, 2.0, 1.0, 3.0, 6.0, 1.0, 2.0, 6.0, 12.0, 15.0, 10.0, 19.0, 23.0, 21.0, 42.0, 73.0, 105.0, 194.0, 259.0, 480.0, 744.0, 1309.0, 2217.0, 3718.0, 6528.0, 13219.0, 50252.0, 1911041.0, 18410.0, 8137.0, 4377.0, 2468.0, 1410.0, 800.0, 480.0, 321.0, 224.0, 122.0, 76.0, 50.0, 47.0, 25.0, 20.0, 19.0, 15.0, 9.0, 9.0, 10.0, 6.0, 4.0, 1.0, 0.0, 0.0, 2.0, 0.0, 1.0, 1.0, 1.0, 0.0, 1.0], "bins": [-0.0002757374313659966, -0.0002668878878466785, -0.00025803837343119085, -0.00024918882991187274, -0.0002403393154963851, -0.000231489771977067, -0.00022264024300966412, -0.00021379071404226124, -0.00020494118507485837, -0.0001960916561074555, -0.00018724212714005262, -0.00017839259817264974, -0.00016954305465333164, -0.000160693540237844, -0.0001518439967185259, -0.000142994467751123, -0.00013414493878372014, -0.00012529540981631726, -0.00011644588084891438, -0.00010759635188151151, -9.874682291410863e-05, -8.989727939479053e-05, -8.104775042738765e-05, -7.219822145998478e-05, -6.33486924925819e-05, -5.449916352517903e-05, -4.564963455777615e-05, -3.680010559037328e-05, -2.7950562071055174e-05, -1.9101047655567527e-05, -1.0251504136249423e-05, -1.401989720761776e-06, 7.447553798556328e-06, 1.629709731787443e-05, 2.514661173336208e-05, 3.399615525268018e-05, 4.284566966816783e-05, 5.169521318748593e-05, 6.054474215488881e-05, 6.939427112229168e-05, 7.824380008969456e-05, 8.709332905709743e-05, 9.594285802450031e-05, 0.00010479238699190319, 0.00011364193051122129, 0.00012249145947862417, 0.00013134098844602704, 0.00014019051741342992, 0.0001490400463808328, 0.00015788957534823567, 0.00016673910431563854, 0.00017558864783495665, 0.0001844381622504443, 0.0001932877057697624, 0.00020213723473716527, 0.00021098676370456815, 0.00021983629267197102, 0.0002286858216393739, 0.00023753535060677677, 0.00024638487957417965, 0.00025523442309349775, 0.0002640839375089854, 0.0002729334810283035, 0.00028178299544379115, 0.00029063253896310925]}, "gradients/graph_2target_embeddings.weight": {"_type": "histogram", "values": [2.0, 0.0, 1.0, 1.0, 1.0, 2.0, 2.0, 2.0, 2.0, 1.0, 5.0, 7.0, 11.0, 15.0, 15.0, 19.0, 27.0, 25.0, 41.0, 57.0, 81.0, 115.0, 146.0, 207.0, 349.0, 422.0, 696.0, 1025.0, 1456.0, 2171.0, 2736.0, 3277.0, 2002021.0, 3177.0, 2733.0, 1942.0, 1411.0, 922.0, 629.0, 451.0, 307.0, 233.0, 158.0, 104.0, 87.0, 54.0, 51.0, 30.0, 26.0, 14.0, 19.0, 18.0, 12.0, 7.0, 5.0, 12.0, 1.0, 3.0, 1.0, 0.0, 1.0, 1.0, 1.0, 2.0], "bins": [-0.00035007839323952794, -0.0003392892540432513, -0.0003285001148469746, -0.00031771097565069795, -0.0003069218364544213, -0.0002961326972581446, -0.00028534355806186795, -0.0002745544188655913, -0.0002637652796693146, -0.00025297614047303796, -0.0002421870012767613, -0.00023139786208048463, -0.00022060872288420796, -0.0002098195836879313, -0.00019903044449165463, -0.00018824130529537797, -0.0001774521660991013, -0.00016666302690282464, -0.00015587388770654798, -0.0001450847485102713, -0.00013429560931399465, -0.00012350647011771798, -0.00011271733092144132, -0.00010192819172516465, -9.113905252888799e-05, -8.034991333261132e-05, -6.956077413633466e-05, -5.877163494005799e-05, -4.798249574378133e-05, -3.7193356547504663e-05, -2.6404217351228e-05, -1.5615078154951334e-05, -4.825938958674669e-06, 5.9632002376019955e-06, 1.675233943387866e-05, 2.7541478630155325e-05, 3.833061782643199e-05, 4.9119757022708654e-05, 5.990889621898532e-05, 7.069803541526198e-05, 8.148717461153865e-05, 9.227631380781531e-05, 0.00010306545300409198, 0.00011385459220036864, 0.0001246437313966453, 0.00013543287059292197, 0.00014622200978919864, 0.0001570111489854753, 0.00016780028818175197, 0.00017858942737802863, 0.0001893785665743053, 0.00020016770577058196, 0.00021095684496685863, 0.0002217459841631353, 0.00023253512335941195, 0.00024332426255568862, 0.0002541134017519653, 0.00026490254094824195, 0.0002756916801445186, 0.0002864808193407953, 0.00029726995853707194, 0.0003080590977333486, 0.00031884823692962527, 0.00032963737612590194, 0.0003404265153221786]}, "Cumulative Loss": 0.375165685325861, "_runtime": 2782.921148777008, "_step": 83, "_wandb": {"runtime": 2805}}