{"parameters/target_embeddings.weight": {"_type": "histogram", "values": [17.0, 28.0, 39.0, 31.0, 103.0, 286.0, 434.0, 540.0, 347.0, 328.0, 196.0, 390.0, 397.0, 565.0, 930.0, 777.0, 823.0, 1021.0, 1295.0, 1529.0, 1846.0, 1983.0, 2838.0, 3933.0, 5105.0, 7277.0, 10005.0, 15443.0, 24197.0, 45153.0, 97693.0, 339977.0, 532414.0, 185916.0, 67909.0, 34775.0, 20542.0, 13388.0, 8916.0, 6950.0, 4577.0, 3496.0, 2471.0, 2263.0, 1655.0, 1507.0, 1292.0, 991.0, 785.0, 999.0, 784.0, 511.0, 412.0, 305.0, 277.0, 362.0, 503.0, 500.0, 435.0, 152.0, 86.0, 36.0, 31.0, 34.0], "bins": [-0.21805699169635773, -0.21129345893859863, -0.20452992618083954, -0.19776639342308044, -0.19100284576416016, -0.18423931300640106, -0.17747578024864197, -0.17071224749088287, -0.16394871473312378, -0.1571851670742035, -0.1504216492176056, -0.1436581015586853, -0.1368945688009262, -0.13013103604316711, -0.12336750328540802, -0.11660396307706833, -0.10984043031930923, -0.10307689756155014, -0.09631335735321045, -0.08954982459545135, -0.08278629183769226, -0.07602275907993317, -0.06925922632217407, -0.062495678663253784, -0.05573214590549469, -0.048968613147735596, -0.0422050803899765, -0.03544154763221741, -0.028678014874458313, -0.021914467215538025, -0.01515093445777893, -0.008387401700019836, -0.0016238689422607422, 0.005139663815498352, 0.011903196573257446, 0.01866672933101654, 0.02543027698993683, 0.03219380974769592, 0.03895734250545502, 0.04572087526321411, 0.052484408020973206, 0.0592479407787323, 0.06601148843765259, 0.07277502119541168, 0.07953855395317078, 0.08630208671092987, 0.09306561946868896, 0.09982915967702866, 0.10659269243478775, 0.11335622519254684, 0.12011976540088654, 0.12688329815864563, 0.13364683091640472, 0.14041036367416382, 0.1471739113330841, 0.153937429189682, 0.1607009768486023, 0.1674645096063614, 0.17422804236412048, 0.18099157512187958, 0.18775510787963867, 0.19451865553855896, 0.20128218829631805, 0.20804572105407715, 0.21480925381183624]}, "_timestamp": 1709267589.2805762, "parameters/context_embeddings.weight": {"_type": "histogram", "values": [22.0, 4.0, 0.0, 25.0, 2.0, 40.0, 23.0, 64.0, 31.0, 56.0, 105.0, 129.0, 158.0, 121.0, 121.0, 217.0, 630.0, 1673.0, 6308.0, 16782.0, 30249.0, 39010.0, 41981.0, 51783.0, 67019.0, 93197.0, 128648.0, 177132.0, 94161.0, 8763.0, 577.0, 598.0, 578.0, 796.0, 15144.0, 110061.0, 159673.0, 110154.0, 81067.0, 58631.0, 45714.0, 38231.0, 34826.0, 25703.0, 13184.0, 4757.0, 1203.0, 479.0, 163.0, 104.0, 123.0, 139.0, 120.0, 82.0, 54.0, 24.0, 63.0, 21.0, 29.0, 7.0, 17.0, 1.0, 8.0, 15.0], "bins": [-0.1784476637840271, -0.1728542596101761, -0.16726087033748627, -0.16166746616363525, -0.15607407689094543, -0.15048067271709442, -0.1448872685432434, -0.1392938792705536, -0.13370048999786377, -0.12810708582401276, -0.12251368910074234, -0.11692029237747192, -0.11132688820362091, -0.1057334914803505, -0.10014009475708008, -0.09454669803380966, -0.08895330131053925, -0.08335990458726883, -0.07776650786399841, -0.072173111140728, -0.06657971441745758, -0.06098631024360657, -0.05539291352033615, -0.049799516797065735, -0.04420611262321472, -0.0386127233505249, -0.03301931917667389, -0.02742592990398407, -0.021832525730133057, -0.016239136457443237, -0.010645732283592224, -0.005052343010902405, 0.0005410611629486084, 0.006134465336799622, 0.011727854609489441, 0.017321258783340454, 0.022914648056030273, 0.028508052229881287, 0.034101441502571106, 0.03969484567642212, 0.04528823494911194, 0.05088163912296295, 0.05647503584623337, 0.062068432569503784, 0.0676618367433548, 0.07325523346662521, 0.07884863018989563, 0.08444202691316605, 0.09003542363643646, 0.09562882035970688, 0.1012222170829773, 0.10681561380624771, 0.11240901052951813, 0.11800241470336914, 0.12359581142663956, 0.12918920814990997, 0.134782612323761, 0.1403760015964508, 0.14596939086914062, 0.15156279504299164, 0.15715619921684265, 0.16274958848953247, 0.16834299266338348, 0.1739363819360733, 0.17952978610992432]}, "gradients/context_embeddings.weight": {"_type": "histogram", "values": [26.0, 0.0, 0.0, 0.0, 0.0, 0.0, 12.0, 46.0, 18.0, 7.0, 19.0, 9.0, 15.0, 0.0, 0.0, 40.0, 10.0, 46.0, 34.0, 74.0, 54.0, 167.0, 72.0, 365.0, 437.0, 567.0, 1016.0, 1169.0, 5114.0, 11184.0, 25592.0, 20300.0, 1345131.0, 26033.0, 13522.0, 5441.0, 1249.0, 968.0, 577.0, 449.0, 388.0, 80.0, 162.0, 51.0, 80.0, 28.0, 50.0, 8.0, 40.0, 2.0, 0.0, 12.0, 14.0, 18.0, 6.0, 11.0, 50.0, 13.0, 0.0, 0.0, 0.0, 0.0, 1.0, 23.0], "bins": [-0.00018057007400784642, -0.00017493388440925628, -0.00016929770936258137, -0.00016366151976399124, -0.0001580253301654011, -0.00015238914056681097, -0.00014675295096822083, -0.00014111677592154592, -0.0001354805863229558, -0.00012984439672436565, -0.00012420822167769074, -0.00011857203207910061, -0.00011293584248051047, -0.00010729965288192034, -0.00010166347055928782, -9.60272882366553e-05, -9.039109863806516e-05, -8.475490903947502e-05, -7.91187267168425e-05, -7.348254439420998e-05, -6.784635479561985e-05, -6.221016519702971e-05, -5.65739901503548e-05, -5.093780055176467e-05, -4.530161095317453e-05, -3.9665421354584396e-05, -3.402923175599426e-05, -2.8393056709319353e-05, -2.2756867110729218e-05, -1.7120677512139082e-05, -1.1484502465464175e-05, -5.848312866874039e-06, -2.1213782019913197e-07, 5.424051778391004e-06, 1.106024137698114e-05, 1.6696416423656046e-05, 2.2332606022246182e-05, 2.7968795620836318e-05, 3.3604970667511225e-05, 3.924116026610136e-05, 4.4877349864691496e-05, 5.051353946328163e-05, 5.614972906187177e-05, 6.178590410854667e-05, 6.742209370713681e-05, 7.305828330572695e-05, 7.869446562835947e-05, 8.433064795099199e-05, 8.996683754958212e-05, 9.560302714817226e-05, 0.00010123920947080478, 0.0001068753917934373, 0.00011251158139202744, 0.00011814777099061757, 0.00012378394603729248, 0.00012942013563588262, 0.00013505632523447275, 0.0001406925148330629, 0.00014632870443165302, 0.00015196487947832793, 0.00015760106907691807, 0.0001632372586755082, 0.0001688734337221831, 0.00017450962332077324, 0.00018014581291936338]}, "gradients/target_embeddings.weight": {"_type": "histogram", "values": [18.0, 7.0, 1.0, 0.0, 0.0, 2.0, 17.0, 19.0, 12.0, 5.0, 20.0, 77.0, 29.0, 2.0, 62.0, 142.0, 139.0, 133.0, 256.0, 335.0, 347.0, 357.0, 642.0, 604.0, 710.0, 958.0, 687.0, 911.0, 804.0, 737.0, 699.0, 1443574.0, 628.0, 736.0, 748.0, 743.0, 800.0, 852.0, 683.0, 642.0, 536.0, 479.0, 355.0, 263.0, 304.0, 173.0, 93.0, 169.0, 87.0, 10.0, 14.0, 56.0, 42.0, 11.0, 5.0, 20.0, 17.0, 4.0, 0.0, 0.0, 0.0, 0.0, 15.0, 9.0],