{"loss": 0.7195794124007225, "f1_score": 0.0, "_timestamp": 1709620119.9505496, "_runtime": 3.9691946506500244, "_step": 0, "_wandb": {"runtime": 9}}