{"loss": 0.6683300518989563, "f1_score": 0.67318001903903, "_timestamp": 1709543240.5202057, "_runtime": 56.350650787353516, "_step": 33, "_wandb": {"runtime": 62}}