{"loss": 0.6720091754198074, "f1_score": 0.666019745169184, "_timestamp": 1709543313.4743512, "_runtime": 16.596789121627808, "_step": 8, "_wandb": {"runtime": 39}}