{"loss": 0.3015319093145663, "f1_score": 0.8653254676549186, "_timestamp": 1709615412.167829, "_runtime": 967.0498559474945, "_step": 118, "_wandb": {"runtime": 967}}