{"loss": 0.3959331706291996, "f1_score": 0.8363742236024845, "_timestamp": 1709635288.1225896, "_runtime": 80.62366962432861, "_step": 11}