{"loss": 0.7137002444267273, "f1_score": 0.0, "_timestamp": 1709528749.7462635, "_runtime": 54.47903060913086, "_step": 32, "_wandb": {"runtime": 353}}