{"parameters/graph_2target_embeddings.weight": {"_type": "histogram", "values": [1.0, 0.0, 0.0, 0.0, 0.0, 1.0, 2.0, 2.0, 2.0, 2.0, 3.0, 2.0, 1.0, 6.0, 6.0, 5.0, 13.0, 22.0, 33.0, 59.0, 243.0, 544.0, 1189.0, 3097.0, 6548.0, 11939.0, 17051.0, 24000.0, 31619.0, 39232.0, 43533.0, 57279.0, 75913.0, 111252.0, 211501.0, 135291.0, 495.0, 435972.0, 236148.0, 144619.0, 107808.0, 78494.0, 68513.0, 57468.0, 43299.0, 33719.0, 23083.0, 14725.0, 7321.0, 3188.0, 1257.0, 541.0, 196.0, 51.0, 27.0, 11.0, 11.0, 7.0, 2.0, 1.0, 2.0, 0.0, 0.0, 1.0], "bins": [-0.9685118198394775, -0.941781759262085, -0.9150516390800476, -0.888321578502655, -0.8615915179252625, -0.8348613977432251, -0.8081313371658325, -0.7814012765884399, -0.7546712160110474, -0.72794109582901, -0.7012110352516174, -0.6744809150695801, -0.6477508544921875, -0.6210207939147949, -0.5942907333374023, -0.5675606727600098, -0.5408305525779724, -0.5141004323959351, -0.48737040162086487, -0.4606403112411499, -0.4339102506637573, -0.40718013048171997, -0.3804500699043274, -0.3537200093269348, -0.32698988914489746, -0.3002598285675049, -0.2735297679901123, -0.24679970741271973, -0.22006958723068237, -0.1933395266532898, -0.16660946607589722, -0.13987934589385986, -0.11314922571182251, -0.08641916513442993, -0.05968904495239258, -0.032958984375, -0.006228923797607422, 0.02050119638442993, 0.04723125696182251, 0.07396131753921509, 0.10069137811660767, 0.12742149829864502, 0.1541515588760376, 0.18088161945343018, 0.20761173963546753, 0.2343418002128601, 0.2610718905925751, 0.28780195116996765, 0.3145320415496826, 0.3412621319293976, 0.36799219250679016, 0.3947222828865051, 0.4214523434638977, 0.44818243384361267, 0.47491252422332764, 0.5016425848007202, 0.5283726453781128, 0.5551027655601501, 0.5818328261375427, 0.6085629463195801, 0.6352930068969727, 0.6620230674743652, 0.6887531280517578, 0.7154832482337952, 0.7422133088111877]}, "_timestamp": 1709606923.3419468, "parameters/graph_2context_embeddings.weight": {"_type": "histogram", "values": [62.0, 186.0, 62.0, 152.0, 172.0, 197.0, 228.0, 403.0, 426.0, 416.0, 331.0, 526.0, 342.0, 277.0, 95.0, 186.0, 230.0, 390.0, 248.0, 310.0, 279.0, 620.0, 1048.0, 1556.0, 2266.0, 3100.0, 2641.0, 11480.0, 144283.0, 547047.0, 473666.0, 39149.0, 25049.0, 328304.0, 336926.0, 87490.0, 7011.0, 1548.0, 1905.0, 1385.0, 963.0, 633.0, 382.0, 170.0, 190.0, 151.0, 249.0, 133.0, 112.0, 60.0, 169.0, 213.0, 318.0, 204.0, 254.0, 264.0, 242.0, 141.0, 121.0, 107.0, 93.0, 39.0, 112.0, 38.0], "bins": [-2.1284780502319336, -2.0619568824768066, -1.9954357147216797, -1.9289145469665527, -1.8623933792114258, -1.7958722114562988, -1.7293509244918823, -1.6628297567367554, -1.5963085889816284, -1.5297874212265015, -1.4632662534713745, -1.396744966506958, -1.330223798751831, -1.263702630996704, -1.1971814632415771, -1.1306602954864502, -1.0641391277313232, -0.9976179599761963, -0.9310967922210693, -0.8645756244659424, -0.7980544567108154, -0.7315331697463989, -0.665012001991272, -0.598490834236145, -0.5319696664810181, -0.4654484987258911, -0.39892733097076416, -0.3324061632156372, -0.2658848762512207, -0.19936370849609375, -0.1328425407409668, -0.06632137298583984, 0.00019979476928710938, 0.06672096252441406, 0.13324213027954102, 0.19976329803466797, 0.2662844657897949, 0.3328057527542114, 0.3993269205093384, 0.46584808826446533, 0.5323692560195923, 0.5988904237747192, 0.6654115915298462, 0.7319327592849731, 0.7984540462493896, 0.8649752140045166, 0.9314963817596436, 0.9980175495147705, 1.0645387172698975, 1.1310598850250244, 1.1975810527801514, 1.2641022205352783, 1.3306233882904053, 1.3971445560455322, 1.4636658430099487, 1.5301870107650757, 1.5967081785202026, 1.6632293462753296, 1.7297505140304565, 1.796271800994873, 1.86279296875, 1.929314136505127, 1.995835304260254, 2.062356472015381, 2.128877639770508]}, "gradients/graph_2context_embeddings.weight": {"_type": "histogram", "values": [1.0, 4.0, 2.0, 3.0, 7.0, 10.0, 25.0, 14.0, 14.0, 17.0, 22.0, 32.0, 35.0, 37.0, 24.0, 20.0, 47.0, 80.0, 111.0, 193.0, 247.0, 384.0, 805.0, 1436.0, 2679.0, 7056.0, 14187.0, 16074.0, 58649.0, 1872975.0, 25348.0, 12904.0, 7175.0, 2753.0, 1552.0, 851.0, 475.0, 348.0, 202.0, 108.0, 43.0, 89.0, 26.0, 25.0, 56.0, 52.0, 32.0, 31.0, 11.0, 15.0, 14.0, 18.0, 18.0, 7.0, 4.0, 0.0, 1.0, 1.0, 0.0, 0.0, 0.0, 0.0, 0.0, 1.0], "bins": [-0.00017956169904209673, -0.00017340437625534832, -0.00016724705346859992, -0.0001610897306818515, -0.00015493242244701833, -0.00014877509966026992, -0.0001426177768735215, -0.0001364604540867731, -0.00013030314585193992, -0.0001241458230651915, -0.0001179885002784431, -0.00011183117749169469, -0.00010567385470494628, -9.951653919415548e-05, -9.335921640740708e-05, -8.720190089661628e-05, -8.104457810986787e-05, -7.488725532311946e-05, -6.872993981232867e-05, -6.257261702558026e-05, -5.641530151478946e-05, -5.025797872804105e-05, -4.4100655941292644e-05, -3.7943333154544234e-05, -3.1786010367795825e-05, -2.5628702132962644e-05, -1.9471379346214235e-05, -1.3314056559465826e-05, -7.156733772717416e-06, -9.99410985969007e-07, 5.157897248864174e-06, 1.1315220035612583e-05, 1.7472528270445764e-05, 2.3629851057194173e-05, 2.9787173843942583e-05, 3.5944482078775764e-05, 4.210180486552417e-05, 4.825912765227258e-05, 5.441645043902099e-05, 6.05737732257694e-05, 6.673108146060258e-05, 7.288840424735099e-05, 7.90457270340994e-05, 8.520304982084781e-05, 9.136037260759622e-05, 9.751768811838701e-05, 0.00010367501090513542, 0.00010983232641592622, 0.00011598964920267463, 0.00012214697198942304, 0.00012830429477617145, 0.00013446161756291986, 0.00014061892579775304, 0.00014677624858450145, 0.00015293357137124985, 0.00015909089415799826, 0.00016524820239283144, 0.00017140552517957985, 0.00017756284796632826, 0.00018372017075307667, 0.00018987749353982508, 0.0001960348163265735, 0.00020219212456140667, 0.00020834944734815508, 0.0002145067701349035]}, "gradients/graph_2target_embeddings.weight": {"_type": "histogram", "values": [2.0, 0.0, 1.0, 33.0, 0.0, 7.0, 7.0, 22.0, 21.0, 20.0, 27.0, 31.0, 43.0, 59.0, 32.0, 147.0, 88.0, 150.0, 259.0, 384.0, 447.0, 565.0, 863.0, 1165.0, 1792.0, 2344.0, 2342.0, 2708.0, 1999158.0, 2975.0, 2317.0, 2173.0, 2131.0, 1296.0, 980.0, 664.0, 484.0, 400.0, 408.0, 234.0, 114.0, 67.0, 94.0, 41.0, 63.0, 61.0, 23.0, 26.0, 27.0, 13.0, 14.0, 2.0, 1.0, 8.0, 12.0, 2.0, 1.0, 0.0, 1.0, 0.0, 0.0, 0.0, 0.0, 1.0], "bins": [-6.0048776504117996e-05, -5.796657205792144e-05, -5.588436761172488e-05, -5.380216316552833e-05, -5.171995871933177e-05, -4.9637754273135215e-05, -4.7555553464917466e-05, -4.547334901872091e-05, -4.3391144572524354e-05, -4.13089401263278e-05, -3.922673568013124e-05, -3.714453487191349e-05, -3.5062330425716937e-05, -3.298012597952038e-05, -3.0897921533323824e-05, -2.881571708712727e-05, -2.6733512640930712e-05, -2.4651308194734156e-05, -2.25691037485376e-05, -2.0486899302341044e-05, -1.8404694856144488e-05, -1.632249404792674e-05, -1.4240289601730183e-05, -1.2158085155533627e-05, -1.007588070933707e-05, -7.993676263140514e-06, -5.911471816943958e-06, -3.829267370747402e-06, -1.7470665625296533e-06, 3.351378836669028e-07, 2.417342329863459e-06, 4.499546776060015e-06, 6.581743946298957e-06, 8.663948392495513e-06, 1.0746152838692069e-05, 1.2828357284888625e-05, 1.4910561731085181e-05, 1.699276253930293e-05, 1.9074966985499486e-05, 2.1157171431696042e-05, 2.32393758778926e-05, 2.5321580324089155e-05, 2.740378477028571e-05, 2.9485989216482267e-05, 3.1568190024700016e-05, 3.365039447089657e-05, 3.573259891709313e-05, 3.7814803363289684e-05, 3.989700780948624e-05, 4.1979212255682796e-05, 4.406141670187935e-05, 4.614362114807591e-05, 4.8225825594272465e-05, 5.030803004046902e-05, 5.239023084868677e-05, 5.4472435294883326e-05, 5.655463974107988e-05, 5.863684418727644e-05, 6.0719048633472994e-05, 6.280124944169074e-05, 6.48834538878873e-05, 6.696565833408386e-05, 6.904786278028041e-05, 7.113006722647697e-05, 7.321227167267352e-05]}, "Cumulative Loss": 0.4295792994399866, "_runtime": 1749.880871772766,