{"Cumulative Loss": 0.6684985530376434, "_timestamp": 1709326107.4629776, "_runtime": 108.71515274047852, "_step": 1200, "_wandb": {"runtime": 111}}