{"loss": 0.0019529255628585815, "f1_score": 0.6651983848900457, "_timestamp": 1709334147.6981404, "_runtime": 6.862499475479126, "_step": 0, "_wandb": {"runtime": 5}}