{"loss": 0.0019401779174804687, "f1_score": 0.6651983848900457, "_timestamp": 1709334311.555174, "_runtime": 6.8028810024261475, "_step": 0}