{"Cumulative Loss": 0.6833540469408035, "_timestamp": 1709539020.774513, "_runtime": 57.506580114364624, "_step": 0, "_wandb": {"runtime": 70}}