{"parameters/target_embeddings.weight": {"_type": "histogram", "values": [2.0, 2.0, 5.0, 7.0, 6.0, 6.0, 29.0, 36.0, 172.0, 345.0, 418.0, 481.0, 770.0, 1078.0, 1229.0, 1177.0, 1241.0, 1360.0, 1518.0, 1923.0, 1992.0, 2520.0, 3446.0, 4609.0, 6114.0, 7722.0, 10452.0, 15258.0, 23914.0, 38648.0, 73752.0, 183882.0, 330697.0, 424891.0, 137990.0, 62509.0, 35697.0, 22111.0, 14274.0, 10217.0, 7536.0, 6089.0, 4760.0, 3269.0, 2252.0, 2442.0, 1767.0, 1645.0, 1371.0, 1356.0, 1219.0, 1413.0, 1059.0, 672.0, 518.0, 458.0, 295.0, 105.0, 36.0, 13.0, 5.0, 6.0, 9.0, 5.0], "bins": [-0.40413469076156616, -0.39182618260383606, -0.37951770424842834, -0.36720919609069824, -0.3549007177352905, -0.3425922095775604, -0.3302837014198303, -0.3179752230644226, -0.3056667149066925, -0.2933582067489624, -0.2810497283935547, -0.2687412202358246, -0.2564327120780945, -0.24412423372268677, -0.23181572556495667, -0.21950723230838776, -0.20719873905181885, -0.19489024579524994, -0.18258175253868103, -0.17027324438095093, -0.15796475112438202, -0.1456562578678131, -0.133347749710083, -0.12103927135467529, -0.10873076319694519, -0.09642225503921509, -0.08411377668380737, -0.07180526852607727, -0.05949676036834717, -0.04718828201293945, -0.03487977385520935, -0.022571295499801636, -0.010262787342071533, 0.0020457208156585693, 0.014354199171066284, 0.026662707328796387, 0.0389711856842041, 0.051279693841934204, 0.0635882019996643, 0.07589668035507202, 0.08820518851280212, 0.10051369667053223, 0.11282217502593994, 0.12513068318367004, 0.13743917644023895, 0.14974766969680786, 0.16205617785453796, 0.17436467111110687, 0.18667316436767578, 0.1989816576242447, 0.2112901508808136, 0.2235986590385437, 0.2359071522951126, 0.24821564555168152, 0.2605241537094116, 0.27283263206481934, 0.28514114022254944, 0.29744964838027954, 0.30975812673568726, 0.32206663489341736, 0.33437514305114746, 0.3466836214065552, 0.3589921295642853, 0.371300607919693, 0.3836091160774231]}, "_timestamp": 1709269049.743396, "parameters/context_embeddings.weight": {"_type": "histogram", "values": [17.0, 7.0, 2.0, 7.0, 18.0, 31.0, 44.0, 59.0, 98.0, 95.0, 106.0, 163.0, 122.0, 80.0, 89.0, 236.0, 664.0, 2250.0, 11193.0, 45631.0, 72541.0, 80874.0, 89126.0, 101213.0, 126890.0, 145211.0, 71368.0, 6392.0, 1294.0, 1281.0, 1213.0, 1243.0, 1240.0, 1132.0, 1134.0, 1266.0, 5369.0, 62873.0, 133055.0, 118352.0, 93917.0, 82399.0, 74825.0, 67316.0, 43395.0, 11033.0, 2191.0, 651.0, 222.0, 90.0, 62.0, 116.0, 147.0, 101.0, 86.0, 96.0, 58.0, 35.0, 33.0, 16.0, 8.0, 0.0, 10.0, 14.0], "bins": [-0.2423766404390335, -0.23480598628520966, -0.2272353172302246, -0.21966466307640076, -0.2120940089225769, -0.20452333986759186, -0.196952685713768, -0.18938201665878296, -0.1818113625049591, -0.17424070835113525, -0.1666700392961502, -0.15909938514232635, -0.1515287160873413, -0.14395806193351746, -0.1363874077796936, -0.12881675362586975, -0.1212460845708847, -0.11367543041706085, -0.1061047613620758, -0.09853410720825195, -0.0909634381532669, -0.08339278399944305, -0.0758221298456192, -0.06825146079063416, -0.0606808066368103, -0.05311015248298645, -0.045539483428001404, -0.03796882927417755, -0.0303981751203537, -0.022827506065368652, -0.0152568519115448, -0.007686182856559753, -0.00011554360389709473, 0.007455110549926758, 0.015025779604911804, 0.022596433758735657, 0.030167102813720703, 0.037737756967544556, 0.04530841112136841, 0.052879080176353455, 0.06044973433017731, 0.06802038848400116, 0.0755910575389862, 0.08316171169281006, 0.09073236584663391, 0.09830303490161896, 0.10587368905544281, 0.11344435811042786, 0.12101501226425171, 0.12858566641807556, 0.1361563354730606, 0.14372698962688446, 0.1512976586818695, 0.15886831283569336, 0.1664389669895172, 0.17400962114334106, 0.1815802901983261, 0.18915095925331116, 0.196721613407135, 0.20429226756095886, 0.21186292171478271, 0.21943359076976776, 0.2270042449235916, 0.23457491397857666, 0.2421455681324005]}, "gradients/context_embeddings.weight": {"_type": "histogram", "values": [26.0, 2.0, 22.0, 2.0, 0.0, 0.0, 0.0, 0.0, 0.0, 0.0, 0.0, 10.0, 14.0, 0.0, 0.0, 0.0, 0.0, 0.0, 0.0, 37.0, 42.0, 56.0, 92.0, 238.0, 252.0, 404.0, 624.0, 1151.0, 2812.0, 8030.0, 25886.0, 1355859.0, 42703.0, 11844.0, 6507.0, 1558.0, 988.0, 584.0, 396.0, 193.0, 216.0, 73.0, 33.0, 63.0, 9.0, 0.0, 0.0, 0.0, 0.0, 0.0, 0.0, 22.0, 4.0, 0.0, 0.0, 0.0, 0.0, 0.0, 0.0, 0.0, 2.0, 21.0, 7.0, 18.0], "bins": [-0.00037132512079551816, -0.00035966423456557095, -0.00034800334833562374, -0.00033634246210567653, -0.0003246815758757293, -0.0003130206896457821, -0.0003013598034158349, -0.00028969894628971815, -0.0002780380309559405, -0.00026637717382982373, -0.00025471625849604607, -0.00024305538681801409, -0.0002313945151399821, -0.0002197336289100349, -0.00020807274268008769, -0.00019641185645014048, -0.00018475097022019327, -0.00017309008399024606, -0.00016142919776029885, -0.00014976831153035164, -0.00013810742530040443, -0.00012644653907045722, -0.00011478565284051001, -0.0001031247666105628, -9.146390948444605e-05, -7.980302325449884e-05, -6.814213702455163e-05, -5.648125079460442e-05, -4.482036456465721e-05, -3.315947833471e-05, -2.1498592104762793e-05, -9.837705874815583e-06, 1.8232094589620829e-06, 1.3484095688909292e-05, 2.51449819188565e-05, 3.680586814880371e-05, 4.846675437875092e-05, 6.012764060869813e-05, 7.178852683864534e-05, 8.344941306859255e-05, 9.511029929853976e-05, 0.00010677115642465651, 0.00011843204265460372, 0.00013009292888455093, 0.00014175381511449814, 0.00015341470134444535, 0.00016507558757439256, 0.00017673647380433977, 0.00018839736003428698, 0.00020005824626423419, 0.0002117191324941814, 0.0002233800187241286, 0.0002350409049540758, 0.00024670176208019257, 0.00025836267741397023, 0.000270023534540087, 0.00028168444987386465, 0.0002933453069999814, 0.00030500622233375907, 0.0003166670794598758, 0.00032832796568982303, 0.00033998885191977024, 0.00035164973814971745, 0.00036331062437966466, 0.00037497151060961187]}, "gradients/target_embeddings.weight": {"_type": "histogram", "values": [2.0, 5.0, 3.0, 4.0, 4.0, 4.0, 5.0, 21.0, 55.0, 29.0, 44.0, 62.0, 118.0, 107.0, 136.0, 216.0, 189.0, 325.0, 389.0, 509.0, 360.0, 541.0, 578.0, 562.0, 777.0, 805.0, 743.0, 671.0, 514.0, 567.0, 634.0, 1443595.0, 581.0, 520.0, 577.0, 720.0, 753.0, 761.0, 584.0, 556.0, 510.0, 428.0, 411.0, 443.0, 339.0, 187.0, 212.0, 163.0, 104.0, 99.0, 80.0, 62.0, 28.0, 34.0, 40.0, 7.0, 2.0, 3.0, 5.0, 10.0, 2.0, 1.0, 3.0, 1.0], "bins": [-5.3024545195512474e-05, -5.1326984248589724e-05, -4.962942693964578e-05, -4.793186599272303e-05, -4.623430868377909e-05, -4.453674773685634e-05, -4.283918678993359e-05, -4.114162584301084e-05, -3.94440685340669e-05, -3.774651122512296e-05, -3.604895027820021e-05, -3.435138933127746e-05, -3.265382838435471e-05, -3.095627107541077e-05, -2.925871012848802e-05, -2.7561151000554673e-05, -2.5863591872621328e-05, -2.4166032744687982e-05, -2.2468473616754636e-05, -2.0770912669831887e-05, -1.9073355360887945e-05, -1.7375794413965195e-05, -1.5678233467042446e-05, -1.3980676158098504e-05, -1.2283115211175755e-05, -1.0585554264253005e-05, -8.887996955309063e-06, -7.190436008386314e-06, -5.492875061463565e-06, -3.7953177525196224e-06, -2.097756805596873e-06, -4.00199496652931e-07, 1.2973614502698183e-06, 2.9949223971925676e-06, 4.69247970613651e-06, 6.390040653059259e-06, 8.087597962003201e-06, 9.78515890892595e-06, 1.14827198558487e-05, 1.3180277164792642e-05, 1.4877838111715391e-05, 1.657539905863814e-05, 1.8272956367582083e-05, 1.9970517314504832e-05, 2.166807826142758e-05, 2.3365635570371523e-05, 2.5063196517294273e-05, 2.676075564522762e-05, 2.8458314773160964e-05, 3.015587390109431e-05, 3.1853433029027656e-05, 3.3550993975950405e-05, 3.524855128489435e-05, 3.6946112231817096e-05, 3.8643673178739846e-05, 4.0341234125662595e-05, 4.203879143460654e-05, 4.373634874355048e-05, 4.543390969047323e-05, 4.713147063739598e-05, 4.882903158431873e-05, 5.052658889326267e-05, 5.222414984018542e-05, 5.392170714912936e-05, 5.561926809605211e-05]},