{"loss": 0.31871552866798447, "f1_score": 0.8709810813604879, "_timestamp": 1709756071.6122034, "_runtime": 2906.7709953784943, "_step": 301}