{"loss": 0.7123510456085205, "f1_score": 0.6651983848900457, "_timestamp": 1709527769.5063953, "_runtime": 24.087907314300537, "_step": 12, "_wandb": {"runtime": 30}}