{"loss": 0.3766139884793665, "f1_score": 0.8210097396143908, "_timestamp": 1709543673.9797544, "_runtime": 332.754275560379, "_step": 159, "_wandb": {"runtime": 332}}