{"loss": 0.6320986886918545, "f1_score": 0.7075892857142857, "_timestamp": 1709587492.350562, "_runtime": 30.898261070251465, "_step": 12, "_wandb": {"runtime": 32}}