{"Cumulative Loss": 0.6662517529726029, "_timestamp": 1709498164.1018076, "_runtime": 82.25060653686523, "_step": 1200, "parameters/target_embeddings.weight": {"_type": "histogram", "values": [84.0, 541.0, 723.0, 1078.0, 1047.0, 1527.0, 1417.0, 1565.0, 1672.0, 1409.0, 2000.0, 1948.0, 2703.0, 2805.0, 3418.0, 3411.0, 3919.0, 4728.0, 5482.0, 6178.0, 7169.0, 8395.0, 11494.0, 12925.0, 16739.0, 20862.0, 29794.0, 39864.0, 62333.0, 103916.0, 216739.0, 81952.0, 74754.0, 263095.0, 127349.0, 76123.0, 47845.0, 36561.0, 25107.0, 19687.0, 15707.0, 13543.0, 10007.0, 8571.0, 7351.0, 6578.0, 5572.0, 4716.0, 4043.0, 3943.0, 3377.0, 3080.0, 2325.0, 2558.0, 1538.0, 1936.0, 1901.0, 1648.0, 1824.0, 1270.0, 1329.0, 869.0, 648.0, 108.0], "bins": [-0.07986864447593689, -0.0773758664727211, -0.07488308846950531, -0.07239031046628952, -0.06989753246307373, -0.06740476191043854, -0.06491198390722275, -0.06241920590400696, -0.05992642790079117, -0.05743364989757538, -0.05494087189435959, -0.0524480976164341, -0.04995531961321831, -0.04746254161000252, -0.044969767332077026, -0.04247698932886124, -0.03998421132564545, -0.03749143332242966, -0.03499865531921387, -0.032505881041288376, -0.030013103038072586, -0.027520325034856796, -0.025027550756931305, -0.022534772753715515, -0.020041994750499725, -0.017549216747283936, -0.015056438744068146, -0.012563660740852356, -0.010070890188217163, -0.007578112185001373, -0.0050853341817855835, -0.0025925561785697937, -9.978562593460083e-05, 0.002392992377281189, 0.004885770380496979, 0.0073785483837127686, 0.009871326386928558, 0.012364096939563751, 0.014856874942779541, 0.01734965294599533, 0.01984243094921112, 0.02233520895242691, 0.0248279869556427, 0.02732076123356819, 0.02981353923678398, 0.03230631723999977, 0.03479909151792526, 0.03729186952114105, 0.03978464752435684, 0.04227742552757263, 0.04477020353078842, 0.04726297780871391, 0.0497557558119297, 0.05224853381514549, 0.054741308093070984, 0.057234086096286774, 0.059726864099502563, 0.06221964210271835, 0.06471242010593414, 0.06720519810914993, 0.06969797611236572, 0.07219074666500092, 0.0746835246682167, 0.0771763026714325, 0.07966908067464828]}, "parameters/context_embeddings.weight": {"_type": "histogram", "values": [27.0, 0.0, 27.0, 0.0, 0.0, 27.0, 59.0, 103.0, 293.0, 834.0, 3650.0, 8942.0, 13669.0, 19738.0, 23507.0, 26706.0, 29789.0, 33830.0, 39111.0, 46909.0, 51367.0, 62983.0, 65953.0, 73656.0, 69265.0, 62352.0, 48115.0, 32165.0, 25436.0, 16100.0, 13246.0, 5943.0, 5277.0, 11742.0, 14446.0, 21736.0, 27416.0, 41005.0, 53126.0, 59011.0, 62717.0, 56244.0, 53732.0, 43729.0, 39997.0, 33330.0, 28816.0, 25400.0, 22792.0, 20037.0, 16827.0, 11680.0, 7624.0, 3133.0, 717.0, 257.0, 84.0, 54.0, 23.0, 0.0, 0.0, 23.0, 0.0, 23.0], "bins": [-0.079295314848423, -0.07681750506162643, -0.07433969527482986, -0.0718618780374527, -0.06938406825065613, -0.06690625846385956, -0.06442844867706299, -0.06195063889026642, -0.05947282537817955, -0.05699501186609268, -0.05451720207929611, -0.05203939229249954, -0.04956158250570297, -0.047083768993616104, -0.044605959206819534, -0.042128145694732666, -0.039650335907936096, -0.037172526121139526, -0.03469471260905266, -0.03221690282225609, -0.02973908931016922, -0.02726127952337265, -0.02478346973657608, -0.022305656224489212, -0.019827846437692642, -0.017350036650896072, -0.014872223138809204, -0.012394413352012634, -0.009916603565216064, -0.007438793778419495, -0.004960976541042328, -0.002483166754245758, -5.349516868591309e-06, 0.0024724602699279785, 0.004950270056724548, 0.007428087294101715, 0.009905897080898285, 0.012383706867694855, 0.014861516654491425, 0.017339330166578293, 0.019817139953374863, 0.022294949740171432, 0.0247727632522583, 0.02725057303905487, 0.02972838282585144, 0.03220619633793831, 0.03468400612473488, 0.03716181963682175, 0.03963962942361832, 0.042117439210414886, 0.044595252722501755, 0.047073062509298325, 0.04955087602138519, 0.05202868580818176, 0.05450649559497833, 0.0569843053817749, 0.05946211889386177, 0.06193993240594864, 0.06441774219274521, 0.06689555197954178, 0.06937336176633835, 0.07185117155313492, 0.07432898879051208, 0.07680679857730865, 0.07928460836410522]}, "gradients/context_embeddings.weight": {"_type": "histogram", "values": [23.0, 0.0, 0.0, 0.0, 0.0, 0.0, 0.0, 0.0, 0.0, 0.0, 0.0, 0.0, 0.0, 0.0, 0.0, 0.0, 0.0, 0.0, 0.0, 0.0, 0.0, 0.0, 0.0, 0.0, 0.0, 0.0, 0.0, 0.0, 0.0, 0.0, 0.0, 260093.0, 1174657.0, 0.0, 0.0, 0.0, 0.0, 0.0, 0.0, 0.0, 0.0, 0.0, 0.0, 0.0, 0.0, 0.0, 0.0, 0.0, 0.0, 0.0, 0.0, 0.0, 0.0, 0.0, 0.0, 0.0, 0.0, 0.0, 0.0, 0.0, 0.0, 0.0, 0.0, 27.0], "bins": [-0.0017552492208778858, -0.0017004000255838037, -0.0016455507138743997, -0.0015907015185803175, -0.0015358522068709135, -0.0014810030115768313, -0.0014261538162827492, -0.0013713045045733452, -0.0013164551928639412, -0.001261605997569859, -0.0012067568022757769, -0.0011519074905663729, -0.0010970582952722907, -0.0010422090999782085, -0.0009873597882688046, -0.0009325105347670615, -0.0008776612812653184, -0.0008228120277635753, -0.0007679627742618322, -0.0007131135789677501, -0.0006582642672583461, -0.0006034150719642639, -0.0005485657602548599, -0.0004937165649607778, -0.0004388673696666956, -0.0003840180579572916, -0.00032916886266320944, -0.00027431955095380545, -0.00021947035565972328, -0.0001646210439503193, -0.00010977184865623713, -5.4922536946833134e-05, -7.3225237429142e-08, 5.477597005665302e-05, 0.00010962528176605701, 0.00016447447706013918, 0.00021932378876954317, 0.00027417298406362534, 0.00032902229577302933, 0.0003838714910671115, 0.0004387208027765155, 0.0004935699980705976, 0.0005484191933646798, 0.0006032685050740838, 0.000658117700368166, 0.00071296701207757, 0.0007678162073716521, 0.0008226654608733952, 0.0008775147143751383, 0.0009323639678768814, 0.0009872132213786244, 0.0010420624166727066, 0.0010969117283821106, 0.0011517609236761928, 0.001206610118970275, 0.001261459430679679, 0.001316308742389083, 0.001371157937683165, 0.0014260071329772472, 0.0014808564446866512, 0.0015357056399807334, 0.0015905549516901374, 0.0016454041469842196, 0.0017002534586936235, 0.0017551026539877057]}, "gradients/target_embeddings.weight": {"_type": "histogram", "values": [27.0, 0.0, 0.0, 0.0, 0.0, 0.0, 0.0, 0.0, 0.0, 0.0, 0.0, 0.0, 0.0, 0.0, 0.0, 0.0, 27.0, 0.0, 0.0, 0.0, 0.0, 0.0, 54.0, 54.0, 54.0, 54.0, 270.0, 132.0, 299.0, 811.0, 3537.0, 1385283.0, 39667.0, 3013.0, 713.0, 253.0, 92.0, 230.0, 46.0, 46.0, 46.0, 46.0, 0.0, 0.0, 0.0, 0.0, 0.0, 23.0, 0.0, 0.0, 0.0, 0.0, 0.0, 0.0, 0.0, 0.0, 0.0, 0.0, 0.0, 0.0, 0.0, 0.0, 0.0, 23.0],