{"Cumulative Loss": 0.6931473612785339, "_timestamp": 1709498768.0351863, "_runtime": 361.2976043224335, "_step": 197568, "parameters/target_embeddings.weight": {"_type": "histogram", "values": [22618.0, 22724.0, 22721.0, 22860.0, 22934.0, 22569.0, 22571.0, 22938.0, 22537.0, 22397.0, 22878.0, 22810.0, 22664.0, 22727.0, 22526.0, 23053.0, 22614.0, 22727.0, 22677.0, 22772.0, 22922.0, 22888.0, 22894.0, 22883.0, 22508.0, 22516.0, 22608.0, 22789.0, 22884.0, 22594.0, 22664.0, 22463.0, 22498.0, 22584.0, 22712.0, 22903.0, 22809.0, 22564.0, 22810.0, 22832.0, 22416.0, 22576.0, 22791.0, 22580.0, 22780.0, 22659.0, 22670.0, 22719.0, 22871.0, 22941.0, 22861.0, 22658.0, 22552.0, 22613.0, 22661.0, 22465.0, 22671.0, 22833.0, 22553.0, 22719.0, 22700.0, 22534.0, 22931.0, 22854.0], "bins": [-1.7202819435624406e-05, -1.6665231669321656e-05, -1.6127643903018907e-05, -1.5590056136716157e-05, -1.5052467460918706e-05, -1.4514879694615956e-05, -1.3977291018818505e-05, -1.3439703252515756e-05, -1.2902115486213006e-05, -1.2364527719910257e-05, -1.1826939953607507e-05, -1.1289351277810056e-05, -1.0751763511507306e-05, -1.0214175745204557e-05, -9.676587069407105e-06, -9.138999303104356e-06, -8.601411536801606e-06, -8.063823770498857e-06, -7.526236004196107e-06, -6.988647328398656e-06, -6.451059562095907e-06, -5.913471795793157e-06, -5.375883119995706e-06, -4.838295353692956e-06, -4.300707587390207e-06, -3.7631198210874572e-06, -3.2255320547847077e-06, -2.6879433789872564e-06, -2.150355612684507e-06, -1.6127669368870556e-06, -1.0751791705843061e-06, -5.375914042815566e-07, -1.8189894035458565e-12, 5.37585947313346e-07, 1.0751737136160955e-06, 1.612761479918845e-06, 2.1503501557162963e-06, 2.687937922019046e-06, 3.225526597816497e-06, 3.7631143641192466e-06, 4.300702130421996e-06, 4.838289896724746e-06, 5.375877663027495e-06, 5.9134663388249464e-06, 6.451054105127696e-06, 6.9886418714304455e-06, 7.526230547227897e-06, 8.063818313530646e-06, 8.601406079833396e-06, 9.138993846136145e-06, 9.676581612438895e-06, 1.0214170288236346e-05, 1.0751758054539096e-05, 1.1289345820841845e-05, 1.1826934496639296e-05, 1.2364522262942046e-05, 1.2902110029244795e-05, 1.3439697795547545e-05, 1.3977285561850294e-05, 1.4514874237647746e-05, 1.5052462003950495e-05, 1.5590050679747947e-05, 1.6127638446050696e-05, 1.6665226212353446e-05, 1.7202813978656195e-05]}, "parameters/context_embeddings.weight": {"_type": "histogram", "values": [22598.0, 22800.0, 22369.0, 22629.0, 22646.0, 22968.0, 22573.0, 22775.0, 22386.0, 22702.0, 22595.0, 22858.0, 22733.0, 22792.0, 22527.0, 22994.0, 22585.0, 22581.0, 22804.0, 22893.0, 22568.0, 22670.0, 22727.0, 22947.0, 22760.0, 22692.0, 22749.0, 22696.0, 22852.0, 22689.0, 22466.0, 22660.0, 22711.0, 22762.0, 22495.0, 22975.0, 22949.0, 22518.0, 22965.0, 22574.0, 22657.0, 22616.0, 22724.0, 22466.0, 22859.0, 22599.0, 22755.0, 22648.0, 22665.0, 23105.0, 22687.0, 22735.0, 22580.0, 22977.0, 22508.0, 22824.0, 23036.0, 22693.0, 22508.0, 22685.0, 22504.0, 22666.0, 22695.0, 22825.0], "bins": [-1.7202763046952896e-05, -1.6665175280650146e-05, -1.61275893333368e-05, -1.559000156703405e-05, -1.5052413800731301e-05, -1.4514826943923254e-05, -1.3977240087115206e-05, -1.3439652320812456e-05, -1.2902065464004409e-05, -1.236447860719636e-05, -1.1826890840893611e-05, -1.1289303984085564e-05, -1.0751717127277516e-05, -1.0214129360974766e-05, -9.676542504166719e-06, -9.138954737863969e-06, -8.601367881055921e-06, -8.063781024247874e-06, -7.526193257945124e-06, -6.988606401137076e-06, -6.451018634834327e-06, -5.913431778026279e-06, -5.375844921218231e-06, -4.838257154915482e-06, -4.300670298107434e-06, -3.7630834412993863e-06, -3.225495674996637e-06, -2.687908818188589e-06, -2.1503219613805413e-06, -1.6127341950777918e-06, -1.0751464287750423e-06, -5.375604814616963e-07, 2.7284841053187847e-11, 5.376150511438027e-07, 1.0752009984571487e-06, 1.6127887647598982e-06, 2.1503765310626477e-06, 2.6879633878706954e-06, 3.225550244678743e-06, 3.7631380109814927e-06, 4.3007248677895404e-06, 4.838311724597588e-06, 5.375899490900338e-06, 5.9134863477083854e-06, 6.451073204516433e-06, 6.988660970819183e-06, 7.5262478276272304e-06, 8.06383559392998e-06, 8.601422450738028e-06, 9.139009307546075e-06, 9.676597073848825e-06, 1.0214183930656873e-05, 1.0751771696959622e-05, 1.128935855376767e-05, 1.1826945410575718e-05, 1.2364533176878467e-05, 1.2902120033686515e-05, 1.3439706890494563e-05, 1.3977294656797312e-05, 1.451488151360536e-05, 1.5052468370413408e-05, 1.5590056136716157e-05, 1.6127643903018907e-05, 1.6665229850332253e-05, 1.7202817616635002e-05]}, "gradients/context_embeddings.weight": {"_type": "histogram", "values": [1.0, 0.0, 1.0, 0.0, 0.0, 1.0, 0.0, 0.0, 1.0, 0.0, 0.0, 0.0, 0.0, 3.0, 0.0, 2.0, 0.0, 2.0, 0.0, 1.0, 1.0, 0.0, 0.0, 0.0, 3.0, 7.0, 16.0, 25.0, 98.0, 346.0, 988.0, 13649.0, 1414167.0, 13821.0, 9060.0, 703.0, 211.0, 73.0, 30.0, 15.0, 5.0, 3.0, 5.0, 0.0, 3.0, 0.0, 2.0, 1.0, 0.0, 2.0, 0.0, 2.0, 0.0, 0.0, 0.0, 0.0, 1.0, 0.0, 0.0, 0.0, 0.0, 0.0, 0.0, 1.0], "bins": [-1.0029756225549136e-07, -9.724254113052666e-08, -9.418752711098932e-08, -9.113250598602463e-08, -8.807748486105993e-08, -8.502247084152259e-08, -8.19674497165579e-08, -7.891243569702056e-08, -7.585741457205586e-08, -7.280239344709116e-08, -6.974737942755382e-08, -6.669235830258913e-08, -6.363734428305179e-08, -6.058232315808709e-08, -5.7527302033122396e-08, -5.447228446087138e-08, -5.141726688862036e-08, -4.8362249316369343e-08, -4.5307231744118326e-08, -4.225221061915363e-08, -3.919719659961629e-08, -3.6142175474651594e-08, -3.30871543496869e-08, -3.003214033014956e-08, -2.6977119205184863e-08, -2.3922098080220167e-08, -2.0867084060682828e-08, -1.781206293571813e-08, -1.4757041810753435e-08, -1.1702027791216096e-08, -8.6470066662514e-09, -5.591992646714061e-09, -2.5369644163220073e-09, 5.18056708642689e-10, 3.573070728180028e-09, 6.628091853144724e-09, 9.683105872682063e-09, 1.273812699764676e-08, 1.5793148122611456e-08, 1.8848162142148794e-08, 2.190318326711349e-08, 2.4958204392078187e-08, 2.8013218411615526e-08, 3.106823953658022e-08, 3.412326066154492e-08, 3.717827468108226e-08, 4.0233295806046954e-08, 4.328831337829797e-08, 4.634333095054899e-08, 4.9398348522800006e-08, 5.2453366095051024e-08, 5.550838722001572e-08, 5.856340479226674e-08, 6.161842236451776e-08, 6.467344348948245e-08, 6.772846461444715e-08, 7.078347863398449e-08, 7.383849265352183e-08, 7.689351377848652e-08, 7.994853490345122e-08, 8.300355602841591e-08, 8.605857004795325e-08, 8.911359117291795e-08, 9.216860519245529e-08, 9.522362631741998e-08]}, "gradients/target_embeddings.weight": {"_type": "histogram", "values": [1.0, 0.0, 0.0, 0.0, 0.0, 0.0, 0.0, 0.0, 0.0, 1.0, 0.0, 0.0, 0.0, 0.0, 4.0, 3.0, 6.0, 9.0, 10.0, 16.0, 19.0, 36.0, 50.0, 58.0, 96.0, 124.0, 181.0, 172.0, 239.0, 259.0, 338.0, 364.0, 364.0, 1448094.0, 393.0, 376.0, 341.0, 327.0, 272.0, 233.0, 209.0, 167.0, 131.0, 102.0, 80.0, 56.0, 44.0, 22.0, 23.0, 4.0, 8.0, 4.0, 4.0, 1.0, 1.0, 2.0, 1.0, 2.0, 0.0, 1.0, 0.0, 1.0, 0.0, 1.0],