{"parameters/graph_1target_embeddings.weight": {"_type": "histogram", "values": [48.0, 24.0, 38.0, 130.0, 168.0, 264.0, 746.0, 1073.0, 1684.0, 2840.0, 3338.0, 4999.0, 6100.0, 7116.0, 8246.0, 9057.0, 10168.0, 11415.0, 13438.0, 16076.0, 17830.0, 20743.0, 23575.0, 31345.0, 32914.0, 44412.0, 61478.0, 80160.0, 111274.0, 183302.0, 269031.0, 96.0, 104.0, 289985.0, 199122.0, 120804.0, 87112.0, 66618.0, 48098.0, 35883.0, 33774.0, 25726.0, 22508.0, 19284.0, 17487.0, 14533.0, 12372.0, 11041.0, 9809.0, 8992.0, 7653.0, 6643.0, 5431.0, 3629.0, 3074.0, 1821.0, 1171.0, 819.0, 287.0, 182.0, 146.0, 36.0, 26.0, 52.0], "bins": [-0.4469386041164398, -0.4329734444618225, -0.4190082550048828, -0.4050430953502655, -0.3910779058933258, -0.3771127462387085, -0.3631475567817688, -0.3491823971271515, -0.3352172076702118, -0.3212520480155945, -0.3072868585586548, -0.2933216989040375, -0.27935653924942017, -0.26539134979248047, -0.25142616033554077, -0.23746100068092346, -0.22349582612514496, -0.20953065156936646, -0.19556549191474915, -0.18160030245780945, -0.16763514280319214, -0.15366995334625244, -0.13970479369163513, -0.12573960423469543, -0.11177444458007812, -0.09780925512313843, -0.08384409546852112, -0.06987890601158142, -0.05591374635696411, -0.041948556900024414, -0.027983397245407104, -0.014018207788467407, -5.3048133850097656e-05, 0.013912111520767212, 0.02787730097770691, 0.04184246063232422, 0.055807650089263916, 0.06977280974388123, 0.08373799920082092, 0.09770315885543823, 0.11166834831237793, 0.12563350796699524, 0.13959869742393494, 0.15356385707855225, 0.16752904653549194, 0.18149420619010925, 0.19545939564704895, 0.20942455530166626, 0.22338972985744476, 0.23735490441322327, 0.2513200640678406, 0.2652852535247803, 0.27925044298171997, 0.2932156026363373, 0.3071807622909546, 0.3211459517478943, 0.3351111114025116, 0.3490763008594513, 0.3630414605140686, 0.3770066499710083, 0.3909718096256256, 0.4049369990825653, 0.4189021587371826, 0.4328673481941223, 0.4468325078487396]}, "_timestamp": 1709609934.068217, "parameters/graph_1context_embeddings.weight": {"_type": "histogram", "values": [702.0, 910.0, 624.0, 676.0, 312.0, 104.0, 104.0, 338.0, 234.0, 182.0, 182.0, 182.0, 182.0, 286.0, 416.0, 487.0, 553.0, 650.0, 624.0, 1014.0, 910.0, 1040.0, 2081.0, 9119.0, 45106.0, 139857.0, 247663.0, 259265.0, 182255.0, 102180.0, 47492.0, 3730.0, 4602.0, 48296.0, 97228.0, 168747.0, 239206.0, 228667.0, 129225.0, 41690.0, 8421.0, 1920.0, 960.0, 840.0, 936.0, 576.0, 600.0, 505.0, 455.0, 384.0, 264.0, 168.0, 168.0, 168.0, 168.0, 216.0, 312.0, 96.0, 96.0, 288.0, 624.0, 576.0, 840.0, 648.0], "bins": [-0.8619338274002075, -0.8349986672401428, -0.8080635666847229, -0.7811284065246582, -0.7541933059692383, -0.7272581458091736, -0.7003229856491089, -0.673387885093689, -0.6464527249336243, -0.6195175647735596, -0.5925824642181396, -0.565647304058075, -0.5387121438980103, -0.5117770433425903, -0.48484188318252563, -0.4579067528247833, -0.430971622467041, -0.4040364921092987, -0.3771013617515564, -0.3501662015914917, -0.3232311010360718, -0.2962959408760071, -0.2693607807159424, -0.24242568016052246, -0.21549052000045776, -0.18855535984039307, -0.16162025928497314, -0.13468509912490845, -0.10774993896484375, -0.08081483840942383, -0.05387967824935913, -0.02694457769393921, -9.357929229736328e-06, 0.02692580223083496, 0.05386090278625488, 0.08079606294631958, 0.1077311635017395, 0.1346663236618042, 0.1616014838218689, 0.18853658437728882, 0.21547174453735352, 0.2424069046974182, 0.26934200525283813, 0.29627716541290283, 0.32321232557296753, 0.35014742612838745, 0.37708258628845215, 0.40401771664619446, 0.43095284700393677, 0.4578879773616791, 0.4848231077194214, 0.5117582678794861, 0.5386934280395508, 0.5656285285949707, 0.5925636887550354, 0.6194988489151001, 0.64643394947052, 0.6733690500259399, 0.7003042101860046, 0.7272393703460693, 0.7541744709014893, 0.781109631061554, 0.8080447912216187, 0.8349798917770386, 0.8619150519371033]}, "gradients/graph_1context_embeddings.weight": {"_type": "histogram", "values": [26.0, 0.0, 0.0, 0.0, 0.0, 0.0, 0.0, 0.0, 0.0, 0.0, 0.0, 0.0, 0.0, 0.0, 0.0, 0.0, 24.0, 0.0, 24.0, 0.0, 0.0, 52.0, 76.0, 26.0, 125.0, 393.0, 470.0, 801.0, 2356.0, 5040.0, 27426.0, 152142.0, 1801683.0, 27333.0, 5012.0, 2269.0, 848.0, 474.0, 391.0, 137.0, 24.0, 74.0, 48.0, 0.0, 0.0, 26.0, 0.0, 26.0, 0.0, 0.0, 0.0, 0.0, 0.0, 0.0, 0.0, 0.0, 0.0, 0.0, 0.0, 0.0, 0.0, 0.0, 0.0, 24.0], "bins": [-0.0002225349162472412, -0.00021558253502007574, -0.0002086301683448255, -0.00020167778711766005, -0.0001947254204424098, -0.00018777303921524435, -0.00018082067253999412, -0.00017386829131282866, -0.0001669159100856632, -0.00015996354341041297, -0.00015301117673516273, -0.00014605879550799727, -0.00013910641428083181, -0.00013215403305366635, -0.00012520166637841612, -0.00011824929242720827, -0.00011129691847600043, -0.00010434454452479258, -9.739217057358474e-05, -9.043978934641927e-05, -8.348742267116904e-05, -7.653504144400358e-05, -6.958267476875335e-05, -6.263029354158789e-05, -5.567791231442243e-05, -4.8725545639172196e-05, -4.1773164412006736e-05, -3.4820797736756504e-05, -2.7868416509591043e-05, -2.091604983434081e-05, -1.396366860717535e-05, -7.011301931925118e-06, -5.8906152844429016e-08, 6.8934750743210316e-06, 1.3845841749571264e-05, 2.0798222976736724e-05, 2.7750589651986957e-05, 3.470297087915242e-05, 4.165533755440265e-05, 4.860771878156811e-05, 5.556008545681834e-05, 6.25124666839838e-05, 6.946484791114926e-05, 7.64172145863995e-05, 8.336959581356496e-05, 9.032196248881519e-05, 9.727434371598065e-05, 0.0001042267176671885, 0.00011117909161839634, 0.00011813146556960419, 0.00012508383952081203, 0.0001320362207479775, 0.00013898858742322773, 0.0001459409686503932, 0.00015289333532564342, 0.00015984571655280888, 0.00016679809777997434, 0.00017375046445522457, 0.0001807028311304748, 0.00018765521235764027, 0.00019460759358480573, 0.00020155996026005596, 0.00020851234148722142, 0.00021546470816247165, 0.0002224170893896371]}, "gradients/graph_1target_embeddings.weight": {"_type": "histogram", "values": [26.0, 0.0, 0.0, 0.0, 26.0, 0.0, 0.0, 26.0, 0.0, 0.0, 52.0, 0.0, 26.0, 26.0, 26.0, 144.0, 90.0, 50.0, 198.0, 26.0, 178.0, 154.0, 282.0, 330.0, 330.0, 661.0, 941.0, 1657.0, 2413.0, 4254.0, 5652.0, 5876.0, 1986807.0, 5570.0, 4106.0, 2332.0, 1602.0, 940.0, 639.0, 320.0, 319.0, 268.0, 147.0, 172.0, 24.0, 202.0, 50.0, 81.0, 135.0, 24.0, 24.0, 24.0, 0.0, 48.0, 0.0, 0.0, 24.0, 0.0, 0.0, 24.0, 0.0, 0.0, 0.0, 24.0],