{"Cumulative Loss": 0.0006880717873573303, "_timestamp": 1709260316.0238302, "_runtime": 4.003789186477661, "_step": 225, "_wandb": {"runtime": 2}}