{"loss": 0.37689234001562, "f1_score": 0.8272900763358778, "_timestamp": 1709635283.6884136, "_runtime": 39.09759569168091, "_step": 5}