{"Cumulative Loss": 0.5994225561618804, "_timestamp": 1709325553.02194, "_runtime": 833.4827809333801, "_step": 17500, "_wandb": {"runtime": 865}}