{"loss": 0.5866300573945046, "f1_score": 0.821976838136278, "_timestamp": 1709756300.42416, "_runtime": 199.63324809074402, "_step": 109}