{"Cumulative Loss": 0.6931473612785339, "_timestamp": 1709416791.7253926, "_runtime": 742.5965456962585, "_step": 197568, "_wandb": {"runtime": 741}}