{"loss": 0.33497016542267377, "f1_score": 0.8738789524932097, "_timestamp": 1709638629.7748795, "_runtime": 3318.1734335422516, "_step": 319}