{"loss": 0.6375436754226684, "f1_score": 0.7338705690413804, "_timestamp": 1709586313.3255281, "_runtime": 27.115246057510376, "_step": 12, "_wandb": {"runtime": 26}}