{"Cumulative Loss": 0.5914127105474472, "_timestamp": 1709524556.3839204, "_runtime": 68.07132744789124, "_step": 17, "parameters/target_embeddings.weight": {"_type": "histogram", "values": [1534.0, 1140.0, 1108.0, 1212.0, 1390.0, 1510.0, 1418.0, 1410.0, 1739.0, 1743.0, 1751.0, 1736.0, 2740.0, 2787.0, 3352.0, 3373.0, 4191.0, 4865.0, 5219.0, 5984.0, 7072.0, 8372.0, 10770.0, 14189.0, 16185.0, 22188.0, 29276.0, 41436.0, 63104.0, 106166.0, 217612.0, 116945.0, 130584.0, 231428.0, 112922.0, 67464.0, 44603.0, 31390.0, 23730.0, 17379.0, 15265.0, 11780.0, 8902.0, 7685.0, 6434.0, 5657.0, 5193.0, 4586.0, 3571.0, 3617.0, 3029.0, 3028.0, 1860.0, 1862.0, 1859.0, 1929.0, 1441.0, 1583.0, 1614.0, 1480.0, 1362.0, 1160.0, 1268.0, 1618.0], "bins": [-0.07743233442306519, -0.07501144707202911, -0.07259055227041245, -0.07016966491937637, -0.0677487701177597, -0.06532788276672363, -0.06290698796510696, -0.06048610061407089, -0.05806520953774452, -0.05564431846141815, -0.05322342738509178, -0.05080253630876541, -0.04838164895772934, -0.04596075788140297, -0.0435398668050766, -0.04111897572875023, -0.03869808465242386, -0.03627719357609749, -0.03385630249977112, -0.03143541142344475, -0.029014520347118378, -0.026593632996082306, -0.024172741919755936, -0.021751850843429565, -0.019330959767103195, -0.016910068690776825, -0.014489181339740753, -0.012068286538124084, -0.009647399187088013, -0.007226504385471344, -0.004805617034435272, -0.0023847222328186035, 3.6172568798065186e-05, 0.002457059919834137, 0.004877954721450806, 0.0072988420724868774, 0.009719736874103546, 0.012140624225139618, 0.014561519026756287, 0.01698240637779236, 0.01940329745411873, 0.0218241885304451, 0.02424507960677147, 0.02666597068309784, 0.02908685803413391, 0.03150774911046028, 0.03392864018678665, 0.03634953126311302, 0.03877042233943939, 0.04119131341576576, 0.04361220449209213, 0.0460330955684185, 0.04845398664474487, 0.050874873995780945, 0.053295765072107315, 0.055716656148433685, 0.058137547224760056, 0.060558438301086426, 0.0629793256521225, 0.06540022045373917, 0.06782110780477524, 0.0702420026063919, 0.07266288995742798, 0.07508378475904465, 0.07750467211008072]}, "parameters/context_embeddings.weight": {"_type": "histogram", "values": [2340.0, 780.0, 227.0, 215.0, 52.0, 286.0, 1447.0, 5607.0, 10337.0, 12211.0, 14790.0, 15946.0, 16826.0, 18087.0, 21133.0, 25777.0, 28082.0, 33747.0, 37186.0, 44898.0, 50815.0, 56373.0, 63313.0, 64478.0, 59958.0, 50789.0, 37743.0, 32406.0, 15962.0, 20104.0, 14750.0, 2145.0, 1915.0, 14247.0, 19170.0, 14141.0, 29736.0, 34557.0, 46243.0, 55503.0, 59233.0, 58412.0, 52578.0, 47014.0, 41718.0, 34488.0, 31262.0, 25956.0, 24237.0, 19496.0, 16647.0, 15690.0, 14794.0, 13573.0, 11253.0, 9683.0, 5379.0, 1465.0, 264.0, 48.0, 192.0, 216.0, 718.0, 2162.0], "bins": [-0.07858356833457947, -0.07612914592027664, -0.07367472350597382, -0.07122030109167099, -0.06876587867736816, -0.06631146371364594, -0.06385704129934311, -0.06140261888504028, -0.05894819647073746, -0.05649377405643463, -0.054039351642131805, -0.05158493295311928, -0.04913051053881645, -0.046676088124513626, -0.0442216694355011, -0.04176724702119827, -0.03931282460689545, -0.03685840219259262, -0.034403979778289795, -0.03194956108927727, -0.02949513867497444, -0.027040716260671616, -0.024586297571659088, -0.022131875157356262, -0.019677452743053436, -0.01722303032875061, -0.014768607914447784, -0.012314185500144958, -0.00985977053642273, -0.0074053481221199036, -0.004950925707817078, -0.0024965032935142517, -4.208087921142578e-05, 0.0024123415350914, 0.004866763949394226, 0.007321186363697052, 0.009775608777999878, 0.012230023741722107, 0.014684446156024933, 0.01713886857032776, 0.019593290984630585, 0.02204771339893341, 0.024502135813236237, 0.026956554502248764, 0.02941097691655159, 0.031865399330854416, 0.03431981801986694, 0.03677424043416977, 0.039228662848472595, 0.04168308526277542, 0.04413750767707825, 0.046591926366090775, 0.0490463487803936, 0.051500771194696426, 0.053955189883708954, 0.05640961229801178, 0.058864034712314606, 0.06131845712661743, 0.06377287954092026, 0.06622730195522308, 0.06868171691894531, 0.07113613933324814, 0.07359056174755096, 0.07604498416185379, 0.07849940657615662]}, "gradients/context_embeddings.weight": {"_type": "histogram", "values": [24.0, 0.0, 0.0, 0.0, 0.0, 0.0, 0.0, 0.0, 48.0, 0.0, 24.0, 0.0, 48.0, 0.0, 24.0, 24.0, 0.0, 0.0, 24.0, 24.0, 24.0, 48.0, 48.0, 72.0, 96.0, 96.0, 48.0, 216.0, 432.0, 624.0, 1082.0, 1180521.0, 274029.0, 1118.0, 676.0, 468.0, 234.0, 52.0, 104.0, 104.0, 78.0, 52.0, 52.0, 26.0, 26.0, 26.0, 0.0, 0.0, 26.0, 26.0, 0.0, 52.0, 0.0, 26.0, 0.0, 52.0, 0.0, 0.0, 0.0, 0.0, 0.0, 0.0, 0.0, 26.0], "bins": [-0.0003123595961369574, -0.0003025970363523811, -0.0002928344765678048, -0.0002830719167832285, -0.0002733093569986522, -0.00026354676811024547, -0.00025378420832566917, -0.00024402164854109287, -0.00023425908875651658, -0.00022449652897194028, -0.00021473396918736398, -0.00020497139485087246, -0.00019520883506629616, -0.00018544627528171986, -0.00017568370094522834, -0.00016592114116065204, -0.00015615858137607574, -0.00014639602159149945, -0.00013663346180692315, -0.00012687088747043163, -0.00011710832768585533, -0.00010734576790127903, -9.758319356478751e-05, -8.782063378021121e-05, -7.805807399563491e-05, -6.829551421105862e-05, -5.853295442648232e-05, -4.877039464190602e-05, -3.900780575349927e-05, -2.9245245968922973e-05, -1.9482686184346676e-05, -9.720126399770379e-06, 4.2462488636374474e-08, 9.805022273212671e-06, 1.9567582057788968e-05, 2.9330141842365265e-05, 3.909270162694156e-05, 4.8855290515348315e-05, 5.861785029992461e-05, 6.838041008450091e-05, 7.81429698690772e-05, 8.79055296536535e-05, 9.76680894382298e-05, 0.00010743066377472132, 0.00011719322355929762, 0.00012695578334387392, 0.00013671835768036544, 0.00014648091746494174, 0.00015624347724951804, 0.00016600603703409433, 0.00017576859681867063, 0.00018553117115516216, 0.00019529373093973845, 0.00020505629072431475, 0.00021481886506080627, 0.00022458142484538257, 0.00023434398462995887, 0.00024410654441453516, 0.00025386910419911146, 0.00026363166398368776, 0.00027339422376826406, 0.0002831568126566708, 0.0002929193724412471, 0.0003026819322258234, 0.0003124444920103997]}, "gradients/target_embeddings.weight": {"_type": "histogram", "values": [26.0, 26.0, 0.0, 0.0, 52.0, 52.0, 0.0, 78.0, 52.0, 78.0, 0.0, 52.0, 52.0, 26.0, 0.0, 78.0, 208.0, 78.0, 78.0, 234.0, 338.0, 260.0, 260.0, 234.0, 286.0, 390.0, 624.0, 1144.0, 1794.0, 3456.0, 15499.0, 14715.0, 1397113.0, 14324.0, 3193.0, 1656.0, 1056.0, 576.0, 360.0, 264.0, 216.0, 240.0, 240.0, 312.0, 216.0, 72.0, 72.0, 192.0, 72.0, 0.0, 24.0, 48.0, 48.0, 0.0, 72.0, 48.0, 72.0, 0.0, 48.0, 48.0, 0.0, 0.0, 24.0, 24.0],