{"loss": 0.1432794849872589, "f1_score": 0.6651983848900457, "_timestamp": 1709527202.530689, "_runtime": 6.522979021072388, "_step": 2, "_wandb": {"runtime": 14}}