{"loss": 0.0009527177214622497, "f1_score": 0.6651983848900457, "_timestamp": 1709334639.5207953, "_runtime": 6.407954454421997, "_step": 0}