{"Cumulative Loss": 0.598583253622055, "_timestamp": 1709304059.1028466, "_runtime": 13.939520597457886, "_step": 3882, "_wandb": {"runtime": 12}}