{"loss": 0.37555567686166613, "f1_score": 0.832464553794829, "_timestamp": 1709635223.8706138, "_runtime": 264.2116358280182, "_step": 20, "_wandb": {"runtime": 170}}