{"loss": 0.6018069304823875, "f1_score": 0.8489472380480555, "_timestamp": 1709603219.3945038, "_runtime": 17.11410093307495, "_step": 6, "_wandb": {"runtime": 11079}}