{"Cumulative Loss": 0.43616476595401765, "_timestamp": 1709540217.055209, "_runtime": 35.55978298187256, "_step": 17, "parameters/graph_1target_embeddings.weight": {"_type": "histogram", "values": [58.0, 55.0, 33.0, 120.0, 313.0, 415.0, 941.0, 1737.0, 2083.0, 2209.0, 2806.0, 3328.0, 3898.0, 4185.0, 5332.0, 6236.0, 6683.0, 7346.0, 8544.0, 10247.0, 12341.0, 14374.0, 18334.0, 21650.0, 28256.0, 35386.0, 46395.0, 63899.0, 100940.0, 164132.0, 119934.0, 631946.0, 81714.0, 185626.0, 107630.0, 70741.0, 49469.0, 37228.0, 30724.0, 23281.0, 19095.0, 15110.0, 13037.0, 10626.0, 8843.0, 7815.0, 6827.0, 6219.0, 5773.0, 4241.0, 4080.0, 3610.0, 2934.0, 2370.0, 1962.0, 1891.0, 1191.0, 509.0, 330.0, 156.0, 34.0, 46.0, 77.0, 5.0], "bins": [-0.4011392593383789, -0.38845738768577576, -0.375775545835495, -0.36309367418289185, -0.3504118323326111, -0.33772996068000793, -0.3250480890274048, -0.312366247177124, -0.29968440532684326, -0.2870025336742401, -0.27432066202163696, -0.2616388201713562, -0.24895694851875305, -0.2362750917673111, -0.22359323501586914, -0.21091137826442719, -0.19822952151298523, -0.18554766476154327, -0.17286580801010132, -0.16018395125865936, -0.1475020945072174, -0.13482022285461426, -0.1221383810043335, -0.10945650935173035, -0.0967746376991272, -0.08409279584884644, -0.07141092419624329, -0.058729082345962524, -0.046047210693359375, -0.03336536884307861, -0.020683497190475464, -0.008001655340194702, 0.004680216312408447, 0.017362087965011597, 0.03004392981529236, 0.04272580146789551, 0.05540764331817627, 0.06808951497077942, 0.08077135682106018, 0.09345322847366333, 0.10613507032394409, 0.11881694197654724, 0.1314988136291504, 0.14418065547943115, 0.1568625271320343, 0.16954438388347626, 0.1822262406349182, 0.19490809738636017, 0.20758995413780212, 0.22027181088924408, 0.23295366764068604, 0.245635524392128, 0.25831738114356995, 0.2709992527961731, 0.28368109464645386, 0.296362966299057, 0.30904483795166016, 0.3217266798019409, 0.3344085216522217, 0.34709039330482483, 0.359772264957428, 0.37245410680770874, 0.3851359784603119, 0.39781782031059265, 0.4104996919631958]}, "parameters/graph_1context_embeddings.weight": {"_type": "histogram", "values": [774.0, 1528.0, 751.0, 167.0, 227.0, 272.0, 200.0, 209.0, 195.0, 73.0, 204.0, 236.0, 291.0, 440.0, 522.0, 342.0, 705.0, 1531.0, 5972.0, 16434.0, 39188.0, 76573.0, 115841.0, 144747.0, 149557.0, 130642.0, 104377.0, 74268.0, 53390.0, 40854.0, 31223.0, 31955.0, 13598.0, 32256.0, 41525.0, 54376.0, 76902.0, 105550.0, 132776.0, 150448.0, 143405.0, 113332.0, 73291.0, 37173.0, 15084.0, 5483.0, 1405.0, 659.0, 336.0, 534.0, 406.0, 322.0, 202.0, 211.0, 85.0, 200.0, 198.0, 198.0, 279.0, 220.0, 198.0, 765.0, 1621.0, 624.0], "bins": [-0.5046012997627258, -0.488815039396286, -0.4730287790298462, -0.457242488861084, -0.44145622849464417, -0.42566996812820435, -0.4098837077617645, -0.3940974473953247, -0.3783111572265625, -0.36252492666244507, -0.34673863649368286, -0.33095237612724304, -0.3151661157608032, -0.299379825592041, -0.2835935950279236, -0.2678073048591614, -0.25202104449272156, -0.23623478412628174, -0.22044852375984192, -0.2046622335910797, -0.1888759732246399, -0.17308971285820007, -0.15730345249176025, -0.14151719212532043, -0.12573093175888062, -0.10994464159011841, -0.09415838122367859, -0.07837212085723877, -0.06258586049079895, -0.04679960012435913, -0.031013309955596924, -0.015227049589157104, 0.0005592107772827148, 0.016345471143722534, 0.032131731510162354, 0.04791802167892456, 0.06370428204536438, 0.0794905424118042, 0.09527680277824402, 0.11106306314468384, 0.12684935331344604, 0.14263561367988586, 0.15842187404632568, 0.1742081344127655, 0.18999439477920532, 0.20578065514564514, 0.22156694531440735, 0.23735320568084717, 0.253139466047287, 0.2689257264137268, 0.284712016582489, 0.30049824714660645, 0.31628453731536865, 0.33207079768180847, 0.3478570580482483, 0.3636433482170105, 0.37942957878112793, 0.39521586894989014, 0.41100212931632996, 0.4267883896827698, 0.4425746500492096, 0.4583609104156494, 0.4741472005844116, 0.48993346095085144, 0.5057197213172913]}, "gradients/graph_1context_embeddings.weight": {"_type": "histogram", "values": [15.0, 10.0, 0.0, 0.0, 0.0, 0.0, 0.0, 0.0, 0.0, 0.0, 0.0, 1.0, 18.0, 33.0, 52.0, 53.0, 118.0, 50.0, 79.0, 136.0, 153.0, 116.0, 297.0, 535.0, 378.0, 1096.0, 1537.0, 3320.0, 8099.0, 11767.0, 23929.0, 1855278.0, 76894.0, 17912.0, 11116.0, 7326.0, 2797.0, 1255.0, 1016.0, 378.0, 530.0, 229.0, 134.0, 161.0, 118.0, 66.0, 61.0, 108.0, 52.0, 63.0, 33.0, 5.0, 1.0, 0.0, 0.0, 0.0, 0.0, 0.0, 0.0, 0.0, 0.0, 0.0, 18.0, 7.0], "bins": [-0.00017053032934200019, -0.00016518709890078753, -0.00015984386845957488, -0.00015450063801836222, -0.0001491574221290648, -0.00014381419168785214, -0.0001384709612466395, -0.00013312773080542684, -0.00012778450036421418, -0.00012244126992300153, -0.00011709803948178887, -0.00011175481631653383, -0.00010641158587532118, -0.00010106835543410853, -9.572513226885349e-05, -9.038190182764083e-05, -8.503867138642818e-05, -7.969544094521552e-05, -7.435221050400287e-05, -6.900898733874783e-05, -6.366575689753518e-05, -5.832252645632252e-05, -5.297930329106748e-05, -4.763607284985483e-05, -4.229284240864217e-05, -3.694961196742952e-05, -3.1606381526216865e-05, -2.626315108500421e-05, -2.0919935195706785e-05, -1.557670475449413e-05, -1.0233474313281476e-05, -4.890243872068822e-06, 4.5298656914383173e-07, 5.796217010356486e-06, 1.113944745156914e-05, 1.6482677892781794e-05, 2.1825908333994448e-05, 2.7169124223291874e-05, 3.251235466450453e-05, 3.785558510571718e-05, 4.3198815546929836e-05, 4.854204598814249e-05, 5.3885276429355145e-05, 5.9228499594610184e-05, 6.457173003582284e-05, 6.991496047703549e-05, 7.525818364229053e-05, 8.060141408350319e-05, 8.594464452471584e-05, 9.12878749659285e-05, 9.663110540714115e-05, 0.00010197432857239619, 0.00010731755901360884, 0.0001126607894548215, 0.00011800401262007654, 0.0001233472430612892, 0.00012869047350250185, 0.0001340337039437145, 0.00013937693438492715, 0.0001447201648261398, 0.00015006339526735246, 0.0001554066111566499, 0.00016074984159786254, 0.0001660930720390752, 0.00017143630248028785]}, "gradients/graph_1target_embeddings.weight": {"_type": "histogram", "values": [25.0, 25.0, 9.0, 16.0, 0.0, 0.0, 13.0, 12.0, 0.0, 23.0, 25.0, 2.0, 64.0, 40.0, 125.0, 121.0, 51.0, 75.0, 70.0, 145.0, 214.0, 238.0, 288.0, 384.0, 387.0, 567.0, 685.0, 1131.0, 1799.0, 2640.0, 3059.0, 2000292.0, 2869.0, 2988.0, 2610.0, 1743.0, 1068.0, 679.0, 585.0, 372.0, 333.0, 304.0, 231.0, 222.0, 138.0, 63.0, 69.0, 52.0, 126.0, 121.0, 48.0, 54.0, 6.0, 20.0, 24.0, 0.0, 21.0, 4.0, 0.0, 0.0, 19.0, 6.0, 25.0, 25.0],