{"loss": 0.47640657038614154, "f1_score": 0.790367272910474, "_timestamp": 1709587802.764931, "_runtime": 300.96617603302, "_step": 148, "_wandb": {"runtime": 313}}