{"Cumulative Loss": 0.3774972289800644, "_timestamp": 1709614482.042083, "_runtime": 3718.0040049552917, "_step": 1183, "parameters/target_embeddings.weight": {"_type": "histogram", "values": [1.0, 0.0, 0.0, 1.0, 1.0, 1.0, 2.0, 0.0, 0.0, 0.0, 0.0, 1.0, 2.0, 0.0, 0.0, 2.0, 2.0, 4.0, 14.0, 38.0, 87.0, 172.0, 376.0, 973.0, 2317.0, 5400.0, 11721.0, 24489.0, 47213.0, 83603.0, 133978.0, 193212.0, 247265.0, 276965.0, 275791.0, 241331.0, 186523.0, 128950.0, 80079.0, 44548.0, 23118.0, 10950.0, 4700.0, 2108.0, 819.0, 324.0, 145.0, 60.0, 28.0, 12.0, 8.0, 4.0, 3.0, 6.0, 0.0, 1.0, 1.0, 0.0, 0.0, 0.0, 0.0, 0.0, 0.0, 1.0], "bins": [-5.279327392578125, -5.123465538024902, -4.96760368347168, -4.811741352081299, -4.655879497528076, -4.5000176429748535, -4.344155311584473, -4.18829345703125, -4.032431602478027, -3.8765697479248047, -3.720707654953003, -3.564845561981201, -3.4089837074279785, -3.253121852874756, -3.097259759902954, -2.9413976669311523, -2.7855358123779297, -2.629673957824707, -2.4738118648529053, -2.3179497718811035, -2.162087917327881, -2.006226062774658, -1.8503639698028564, -1.6945018768310547, -1.538640022277832, -1.3827781677246094, -1.2269163131713867, -1.0710539817810059, -0.9151921272277832, -0.7593302726745605, -0.6034679412841797, -0.44760608673095703, -0.2917447090148926, -0.13588285446166992, 0.019979000091552734, 0.1758413314819336, 0.33170318603515625, 0.4875650405883789, 0.6434273719787598, 0.7992892265319824, 0.9551510810852051, 1.1110129356384277, 1.2668750286102295, 1.4227371215820312, 1.578598976135254, 1.7344608306884766, 1.8903229236602783, 2.04618501663208, 2.2020468711853027, 2.3579087257385254, 2.513770818710327, 2.669632911682129, 2.8254947662353516, 2.981356620788574, 3.137218713760376, 3.2930808067321777, 3.4489426612854004, 3.604804515838623, 3.760666608810425, 3.9165287017822266, 4.072390556335449, 4.228252410888672, 4.3841142654418945, 4.539976596832275, 4.695838451385498]}, "parameters/context_embeddings.weight": {"_type": "histogram", "values": [2.0, 0.0, 2.0, 6.0, 20.0, 48.0, 80.0, 161.0, 224.0, 325.0, 447.0, 522.0, 597.0, 697.0, 767.0, 1084.0, 1485.0, 2409.0, 4056.0, 6998.0, 12347.0, 20757.0, 33424.0, 50849.0, 71421.0, 94482.0, 118384.0, 139324.0, 154398.0, 161355.0, 160412.0, 154042.0, 144460.0, 132894.0, 120570.0, 106390.0, 90383.0, 73555.0, 56640.0, 41371.0, 27727.0, 17230.0, 9868.0, 5422.0, 2911.0, 1784.0, 1064.0, 775.0, 549.0, 444.0, 446.0, 405.0, 377.0, 314.0, 217.0, 171.0, 111.0, 62.0, 39.0, 21.0, 13.0, 4.0, 5.0, 3.0], "bins": [-4.4351677894592285, -4.2944183349609375, -4.1536688804626465, -4.0129194259643555, -3.8721697330474854, -3.7314202785491943, -3.5906708240509033, -3.4499213695526123, -3.309171676635742, -3.168422222137451, -3.02767276763916, -2.886923313140869, -2.746173858642578, -2.605424404144287, -2.464674949645996, -2.323925256729126, -2.183175802230835, -2.042426347732544, -1.901676893234253, -1.7609272003173828, -1.6201777458190918, -1.4794282913208008, -1.3386788368225098, -1.1979293823242188, -1.0571799278259277, -0.9164302349090576, -0.7756807804107666, -0.6349313259124756, -0.49418187141418457, -0.35343217849731445, -0.21268272399902344, -0.07193326950073242, 0.0688161849975586, 0.2095656394958496, 0.3503150939941406, 0.49106454849243164, 0.6318142414093018, 0.7725636959075928, 0.9133131504058838, 1.0540626049041748, 1.194812297821045, 1.335561752319336, 1.476311206817627, 1.617060661315918, 1.757810115814209, 1.8985595703125, 2.03930926322937, 2.180058717727661, 2.320808172225952, 2.461557626724243, 2.6023073196411133, 2.7430567741394043, 2.8838062286376953, 3.0245556831359863, 3.1653051376342773, 3.3060545921325684, 3.4468040466308594, 3.5875537395477295, 3.7283031940460205, 3.8690526485443115, 4.009802341461182, 4.150551795959473, 4.291301250457764, 4.432050704956055, 4.572800159454346]}, "gradients/context_embeddings.weight": {"_type": "histogram", "values": [2.0, 0.0, 3.0, 0.0, 1.0, 0.0, 1.0, 1.0, 1.0, 3.0, 3.0, 10.0, 13.0, 12.0, 13.0, 16.0, 33.0, 43.0, 58.0, 77.0, 139.0, 184.0, 322.0, 544.0, 943.0, 1683.0, 3121.0, 5582.0, 10673.0, 27687.0, 1927934.0, 26885.0, 9777.0, 5018.0, 2759.0, 1571.0, 852.0, 481.0, 302.0, 200.0, 124.0, 80.0, 62.0, 32.0, 20.0, 25.0, 15.0, 8.0, 10.0, 4.0, 3.0, 6.0, 3.0, 7.0, 1.0, 0.0, 2.0, 0.0, 0.0, 0.0, 0.0, 0.0, 0.0, 1.0], "bins": [-0.00027874199440702796, -0.0002695925359148532, -0.00026044307742267847, -0.0002512936189305037, -0.00024214414588641375, -0.000232994687394239, -0.00022384521435014904, -0.0002146957558579743, -0.00020554629736579955, -0.0001963968388736248, -0.00018724738038145006, -0.00017809790733736008, -0.00016894844884518534, -0.0001597989903530106, -0.00015064951730892062, -0.00014150005881674588, -0.00013235060032457113, -0.0001232011418323964, -0.00011405168334022164, -0.00010490221029613167, -9.575275180395693e-05, -8.660329331178218e-05, -7.745382026769221e-05, -6.830436177551746e-05, -5.915490328334272e-05, -5.0005444791167974e-05, -4.085598629899323e-05, -3.1706527806818485e-05, -2.2557040210813284e-05, -1.340758171863854e-05, -4.258123226463795e-06, 4.89133526571095e-06, 1.4040764654055238e-05, 2.3190223146229982e-05, 3.233968163840473e-05, 4.148914013057947e-05, 5.0638598622754216e-05, 5.978808621875942e-05, 6.893754471093416e-05, 7.80870032031089e-05, 8.723646169528365e-05, 9.63859201874584e-05, 0.00010553537867963314, 0.00011468485172372311, 0.00012383431021589786, 0.0001329837687080726, 0.00014213324175216258, 0.00015128270024433732, 0.00016043215873651206, 0.0001695816172286868, 0.00017873107572086155, 0.00018788054876495153, 0.00019703000725712627, 0.00020617946574930102, 0.000215328938793391, 0.00022447839728556573, 0.00023362785577774048, 0.00024277731426991522, 0.00025192677276208997, 0.0002610762312542647, 0.00027022568974643946, 0.00027937517734244466, 0.0002885246358346194, 0.00029767409432679415, 0.0003068235528189689]}, "gradients/target_embeddings.weight": {"_type": "histogram", "values": [2.0, 0.0, 2.0, 1.0, 2.0, 0.0, 1.0, 5.0, 9.0, 4.0, 9.0, 19.0, 18.0, 25.0, 31.0, 37.0, 52.0, 65.0, 100.0, 122.0, 188.0, 257.0, 371.0, 576.0, 837.0, 1286.0, 1941.0, 2776.0, 3432.0, 2002676.0, 3334.0, 2766.0, 1971.0, 1372.0, 947.0, 670.0, 440.0, 284.0, 210.0, 148.0, 86.0, 72.0, 48.0, 31.0, 24.0, 27.0, 15.0, 14.0, 4.0, 7.0, 9.0, 5.0, 3.0, 5.0, 4.0, 3.0, 2.0, 2.0, 2.0, 0.0, 0.0, 0.0, 0.0, 1.0], "bins": [-0.0003659907670225948, -0.00035363194183446467, -0.000341273145750165, -0.00032891432056203485, -0.0003165554953739047, -0.00030419667018577456, -0.0002918378449976444, -0.00027947904891334474, -0.0002671202237252146, -0.00025476139853708446, -0.00024240258790086955, -0.00023004377726465464, -0.0002176849520765245, -0.00020532612688839436, -0.00019296731625217944, -0.00018060850561596453, -0.0001682496804278344, -0.00015589085523970425, -0.00014353204460348934, -0.00013117323396727443, -0.00011881440877914429, -0.00010645558359101415, -9.409678750671446e-05, -8.173796231858432e-05, -6.937913713045418e-05, -5.702031194232404e-05, -4.46614867541939e-05, -3.230269066989422e-05, -1.9943865481764078e-05, -7.585040293633938e-06, 4.773755790665746e-06, 1.7132580978795886e-05, 2.9491435270756483e-05, 4.185026045888662e-05, 5.4209085647016764e-05, 6.656788173131645e-05, 7.892670691944659e-05, 9.128553210757673e-05, 0.00010364432819187641, 0.00011600315338000655, 0.0001283619785681367, 0.00014072080375626683, 0.00015307962894439697, 0.00016543842502869666, 0.0001777972502168268, 0.00019015607540495694, 0.00020251488604117185, 0.00021487369667738676, 0.0002272325218655169, 0.00023959134705364704, 0.0002519501722417772, 0.00026430896832607687, 0.000276667793514207, 0.00028902661870233715, 0.00030138541478663683, 0.00031374423997476697, 0.0003261030651628971, 0.00033846189035102725, 0.0003508207155391574, 0.0003631795116234571, 0.0003755383368115872, 0.00038789716199971735, 0.00040025595808401704, 0.0004126147832721472, 0.0004249736084602773]}, "_wandb": {"runtime": 3717}}