{"loss": 2.371153463902859, "f1_score": 0.6162114922438279, "_timestamp": 1709594281.1260402, "_runtime": 2481.8422391414642, "_step": 218}