{"Cumulative Loss": 0.3806164863705635, "_timestamp": 1709526791.5010166, "_runtime": 817.0456576347351, "_step": 143, "parameters/target_embeddings.weight": {"_type": "histogram", "values": [1.0, 0.0, 0.0, 0.0, 0.0, 0.0, 0.0, 2.0, 1.0, 0.0, 2.0, 3.0, 3.0, 2.0, 4.0, 9.0, 19.0, 42.0, 59.0, 123.0, 279.0, 524.0, 1028.0, 1953.0, 3501.0, 6544.0, 11672.0, 20611.0, 37116.0, 60541.0, 86140.0, 112911.0, 135535.0, 151643.0, 159667.0, 156182.0, 143105.0, 120818.0, 93680.0, 65674.0, 40955.0, 22736.0, 12632.0, 6900.0, 3854.0, 2084.0, 1066.0, 557.0, 289.0, 165.0, 75.0, 39.0, 27.0, 7.0, 6.0, 3.0, 1.0, 2.0, 4.0, 1.0, 0.0, 0.0, 2.0, 1.0], "bins": [-3.195073366165161, -3.1024365425109863, -3.0097997188568115, -2.9171628952026367, -2.824526071548462, -2.731889247894287, -2.6392524242401123, -2.5466156005859375, -2.4539787769317627, -2.361341953277588, -2.268705129623413, -2.1760683059692383, -2.0834314823150635, -1.9907946586608887, -1.8981578350067139, -1.805521011352539, -1.7128841876983643, -1.6202473640441895, -1.5276105403900146, -1.4349737167358398, -1.342336893081665, -1.2497000694274902, -1.1570632457733154, -1.0644264221191406, -0.9717895984649658, -0.879152774810791, -0.7865159511566162, -0.6938791275024414, -0.6012423038482666, -0.5086054801940918, -0.415968656539917, -0.3233318328857422, -0.23069477081298828, -0.13805794715881348, -0.04542112350463867, 0.04721570014953613, 0.13985252380371094, 0.23248934745788574, 0.32512617111206055, 0.41776299476623535, 0.5103998184204102, 0.603036642074585, 0.6956734657287598, 0.7883102893829346, 0.8809471130371094, 0.9735839366912842, 1.066220760345459, 1.1588575839996338, 1.2514944076538086, 1.3441312313079834, 1.4367680549621582, 1.529404878616333, 1.6220417022705078, 1.7146785259246826, 1.8073153495788574, 1.8999521732330322, 1.992588996887207, 2.085225820541382, 2.1778626441955566, 2.2704994678497314, 2.3631362915039062, 2.455773115158081, 2.548409938812256, 2.6410467624664307, 2.7336835861206055]}, "parameters/context_embeddings.weight": {"_type": "histogram", "values": [1.0, 0.0, 0.0, 1.0, 0.0, 1.0, 1.0, 0.0, 1.0, 1.0, 2.0, 2.0, 6.0, 8.0, 109.0, 292.0, 1009.0, 1342.0, 827.0, 1012.0, 1320.0, 2070.0, 4206.0, 8490.0, 17305.0, 31279.0, 49987.0, 73515.0, 101512.0, 129604.0, 154121.0, 165891.0, 163602.0, 147422.0, 122717.0, 95796.0, 69787.0, 48118.0, 30921.0, 17343.0, 8514.0, 4366.0, 2172.0, 1433.0, 832.0, 1235.0, 1354.0, 672.0, 347.0, 134.0, 81.0, 18.0, 9.0, 5.0, 2.0, 1.0, 2.0, 1.0, 0.0, 0.0, 0.0, 0.0, 0.0, 1.0], "bins": [-2.7105607986450195, -2.6259372234344482, -2.541313648223877, -2.4566900730133057, -2.3720664978027344, -2.287443161010742, -2.202819347381592, -2.1181960105895996, -2.0335724353790283, -1.948948860168457, -1.8643252849578857, -1.7797017097473145, -1.6950781345367432, -1.6104545593261719, -1.5258311033248901, -1.4412075281143188, -1.3565839529037476, -1.2719603776931763, -1.187336802482605, -1.1027133464813232, -1.018089771270752, -0.9334661960601807, -0.8488426208496094, -0.7642190456390381, -0.6795954704284668, -0.5949718952178955, -0.5103483200073242, -0.42572498321533203, -0.34110140800476074, -0.25647783279418945, -0.17185425758361816, -0.08723068237304688, -0.002607107162475586, 0.0820164680480957, 0.166640043258667, 0.2512636184692383, 0.33588719367980957, 0.42051076889038086, 0.505134105682373, 0.5897576808929443, 0.6743812561035156, 0.7590048313140869, 0.8436284065246582, 0.9282519817352295, 1.0128755569458008, 1.097499132156372, 1.1821225881576538, 1.266746163368225, 1.3513697385787964, 1.4359933137893677, 1.520616888999939, 1.6052403450012207, 1.689863920211792, 1.7744874954223633, 1.8591110706329346, 1.9437346458435059, 2.028358221054077, 2.1129817962646484, 2.1976051330566406, 2.282228946685791, 2.366852283477783, 2.4514758586883545, 2.536099433898926, 2.620723009109497, 2.7053465843200684]}, "gradients/context_embeddings.weight": {"_type": "histogram", "values": [2.0, 1.0, 1.0, 0.0, 0.0, 6.0, 3.0, 4.0, 5.0, 9.0, 11.0, 14.0, 22.0, 24.0, 43.0, 48.0, 113.0, 186.0, 300.0, 631.0, 1222.0, 3278.0, 11328.0, 49632.0, 1330567.0, 46800.0, 10721.0, 3239.0, 1263.0, 552.0, 311.0, 183.0, 90.0, 84.0, 34.0, 17.0, 19.0, 9.0, 9.0, 7.0, 1.0, 2.0, 4.0, 2.0, 1.0, 1.0, 0.0, 0.0, 0.0, 0.0, 0.0, 0.0, 0.0, 0.0, 0.0, 0.0, 0.0, 0.0, 0.0, 0.0, 0.0, 0.0, 0.0, 1.0], "bins": [-0.00020139543630648404, -0.00019317062105983496, -0.00018494580581318587, -0.00017672099056653678, -0.0001684961753198877, -0.0001602713600732386, -0.0001520465302746743, -0.00014382172957994044, -0.00013559689978137612, -0.00012737209908664227, -0.00011914727656403556, -0.00011092246131738648, -0.00010269763879477978, -9.447282354813069e-05, -8.62480083014816e-05, -7.802319305483252e-05, -6.979837780818343e-05, -6.157356256153435e-05, -5.334874731488526e-05, -4.512393206823617e-05, -3.6899116821587086e-05, -2.8674301574938e-05, -2.0449486328288913e-05, -1.2224671081639826e-05, -3.9998412830755115e-06, 4.224973963573575e-06, 1.2449789210222661e-05, 2.0674604456871748e-05, 2.8899419703520834e-05, 3.712423495016992e-05, 4.534905019681901e-05, 5.3573850891552866e-05, 6.179866613820195e-05, 7.002349593676627e-05, 7.824829663150012e-05, 8.647311187814921e-05, 9.46979271247983e-05, 0.00010292274237144738, 0.00011114755761809647, 0.00011937237286474556, 0.00012759718811139464, 0.00013582201790995896, 0.00014404683315660805, 0.00015227164840325713, 0.00016049646364990622, 0.0001687212788965553, 0.0001769460941432044, 0.00018517090938985348, 0.00019339572463650256, 0.00020162053988315165, 0.00020984535512980074, 0.00021807017037644982, 0.0002262949856230989, 0.000234519800869748, 0.0002427446306683123, 0.00025096943136304617, 0.0002591942611616105, 0.00026741906185634434, 0.00027564389165490866, 0.0002838686923496425, 0.00029209352214820683, 0.0003003183228429407, 0.000308543152641505, 0.00031676795333623886, 0.0003249927831348032]}, "gradients/target_embeddings.weight": {"_type": "histogram", "values": [1.0, 0.0, 0.0, 0.0, 0.0, 0.0, 0.0, 0.0, 0.0, 0.0, 1.0, 0.0, 0.0, 2.0, 0.0, 5.0, 5.0, 3.0, 5.0, 7.0, 12.0, 17.0, 21.0, 35.0, 39.0, 53.0, 74.0, 134.0, 178.0, 300.0, 473.0, 950.0, 1990.0, 4806.0, 11329.0, 1401730.0, 19018.0, 10851.0, 4566.0, 1876.0, 958.0, 468.0, 285.0, 175.0, 123.0, 87.0, 62.0, 48.0, 28.0, 26.0, 17.0, 10.0, 9.0, 6.0, 9.0, 1.0, 2.0, 1.0, 0.0, 2.0, 0.0, 0.0, 0.0, 2.0], "bins": [-0.00017459812806919217, -0.00016974419122561812, -0.00016489023983012885, -0.0001600363029865548, -0.00015518235159106553, -0.00015032841474749148, -0.0001454744633520022, -0.00014062052650842816, -0.00013576657511293888, -0.00013091263826936483, -0.0001260587014257908, -0.00012120475003030151, -0.00011635081318672746, -0.0001114968690671958, -0.00010664292494766414, -0.00010178898082813248, -9.693503670860082e-05, -9.208109258906916e-05, -8.72271484695375e-05, -8.237320435000584e-05, -7.751926023047417e-05, -7.266532338690013e-05, -6.781137926736847e-05, -6.29574351478368e-05, -5.810349102830514e-05, -5.324954690877348e-05, -4.8395610065199435e-05, -4.354165866971016e-05, -3.868772182613611e-05, -3.383377043064684e-05, -2.897983358707279e-05, -2.4125882191583514e-05, -1.9271945348009467e-05, -1.441800850443542e-05, -9.564057108946145e-06, -4.7101202653720975e-06, 1.4383113011717796e-07, 4.997767973691225e-06, 9.8517193691805e-06, 1.4705656212754548e-05, 1.955960033228621e-05, 2.441354445181787e-05, 2.926748857134953e-05, 3.412143269088119e-05, 3.897536953445524e-05, 4.38293136539869e-05, 4.868325777351856e-05, 5.3537201893050224e-05, 5.8391146012581885e-05, 6.324509013211355e-05, 6.809903425164521e-05, 7.295297837117687e-05, 7.780692249070853e-05, 8.266085933428258e-05, 8.751480345381424e-05, 9.23687475733459e-05, 9.722269169287756e-05, 0.00010207663581240922, 0.00010693057993194088, 0.00011178452405147254, 0.00011663846089504659, 0.00012149240501457825, 0.00012634634913410991, 0.0001312003005295992, 0.00013605423737317324]}, "_wandb": {"runtime": 818}}