{"loss": 0.5819856327176094, "f1_score": 0.8180815876515987, "_timestamp": 1709645594.8114474, "_runtime": 322.96164727211, "_step": 162}