{"loss": 0.39223745869565757, "f1_score": 0.8275237232368509, "_timestamp": 1709635002.4035785, "_runtime": 48.08046841621399, "_step": 7, "_wandb": {"runtime": 53}}